GitHub Pull Request Report - Merged PRs Evidence
========================================================

Repository: Ascent-Software-Group/ascent-ui
Organization: Ascent-Software-Group
Report Generated: 2025-11-11 19:43:28 MST
Date Range: 2024-11-01 to 2025-10-31
Branch: develop

Command Executed:
gh api "repos/Ascent-Software-Group/ascent-ui/pulls?state=closed&base=develop&per_page=100&page={page}&sort=updated&direction=desc" | jq -r '.[] | select(.merged_at != null) | select(.merged_at >= "2024-11-01T00:00:00Z" and .merged_at <= "2025-10-31T23:59:59Z") | [.number, .title, .head.ref, .merged_at, .user.login, .html_url] | @tsv'

Execution Details:
  - Timestamp: 2025-11-11 19:43:28 MST
  - Total PRs Merged: 359
  - Pages Fetched: 4
  - Pagination Required: Yes

========================================================
Pull Request Summary
========================================================

Note: PRs merged into develop branch indicate they passed
      required review and approval processes per branch protection rules.

Number	Title	Branch	Merged At	Author	URL	Reviewers Requested	Approval Status
6070	chore: update route to hit RunWorkflowMethodAction	chore/make_live_office_reassign	2025-10-31T19:33:12Z	Nick-Forshee-Ascent	https://github.com/Ascent-Software-Group/ascent-ui/pull/6070	0	See PR URL
6068	feat(payroll): add separate failed payments table to payroll report	CU-86dy827f5_checks-not-displaying-in-payroll-AAMS_Dustin-Taylor	2025-10-30T18:20:01Z	dustingtaylor	https://github.com/Ascent-Software-Group/ascent-ui/pull/6068	0	See PR URL
6067	fix: unexpected any	fix/typescript	2025-10-30T16:08:04Z	Nick-Forshee-Ascent	https://github.com/Ascent-Software-Group/ascent-ui/pull/6067	1	See PR URL
6048	CU-86dxrm43u_Iframe-New-Wave_Karl-Monson	CU-86dxrm43u_Iframe-New-Wave_Karl-Monson	2025-10-27T23:19:42Z	karlatascent	https://github.com/Ascent-Software-Group/ascent-ui/pull/6048	0	See PR URL
6064	chore: remove the ability for apm clients to place new order globally	chore/apm_remove_new_order_globally	2025-10-23T20:56:45Z	Nick-Forshee-Ascent	https://github.com/Ascent-Software-Group/ascent-ui/pull/6064	0	See PR URL
6062	chore: remove this as it is unnecessary	chore/remove_undefined	2025-10-23T15:55:14Z	Nick-Forshee-Ascent	https://github.com/Ascent-Software-Group/ascent-ui/pull/6062	0	See PR URL
6059	fix: correct initilization with keys	CU-86dxxe6en_XML-glitch-on-Prosperity-orders_Nick-Forshee	2025-10-22T21:18:39Z	Nick-Forshee-Ascent	https://github.com/Ascent-Software-Group/ascent-ui/pull/6059	0	See PR URL
6057	fix: don't allow clients to enter notes on snapshot orders per Dustin	CU-86dx0zgcz_Unread-notes-for-snapshot-orders-in-queue-Opteon-AMC_Nick-Forshee	2025-10-22T20:32:35Z	Nick-Forshee-Ascent	https://github.com/Ascent-Software-Group/ascent-ui/pull/6057	0	See PR URL
6055	CU-86dy1bm2k: Add toggle to show archived investors in frontend	CU-86dy1bm2k_Add-archived-investors-toggle_Dustin-Taylor	2025-10-21T17:05:20Z	dustingtaylor	https://github.com/Ascent-Software-Group/ascent-ui/pull/6055	0	See PR URL
6052	chore: revert	revert	2025-10-20T20:08:10Z	Nick-Forshee-Ascent	https://github.com/Ascent-Software-Group/ascent-ui/pull/6052	0	See PR URL
6050	chore: update to us2	chore/pusher	2025-10-20T19:11:21Z	Nick-Forshee-Ascent	https://github.com/Ascent-Software-Group/ascent-ui/pull/6050	0	See PR URL
6047	feat: use refs to prevent re mounting component fileupload	CU-86dxxe6en_XML-glitch-on-Prosperity-orders_Levino-Porto	2025-10-20T15:15:36Z	LevinoMoises	https://github.com/Ascent-Software-Group/ascent-ui/pull/6047	0	See PR URL
6045	feat: bring back pull reggora branches	CU-86dy1bh4f_branch-info-from-Reggora-question-Appraisal-Links_Nick-Forshee	2025-10-16T03:31:01Z	Nick-Forshee-Ascent	https://github.com/Ascent-Software-Group/ascent-ui/pull/6045	0	See PR URL
6043	fix: add selection for ssr override	fix/ssr-override	2025-10-15T18:23:41Z	Nick-Forshee-Ascent	https://github.com/Ascent-Software-Group/ascent-ui/pull/6043	0	See PR URL
6041	fix: show OrderAdditionalProduct as menu option	CU-86dxz0mp6_Orders-arent-showing-order-additional-products-for-clients-AMC_Levino-Porto	2025-10-15T15:15:51Z	LevinoMoises	https://github.com/Ascent-Software-Group/ascent-ui/pull/6041	0	See PR URL
6039	feat: add epc in the list of direct orders	CU-86dxz0mp6_Orders-arent-showing-order-additional-products-for-clients-Opteon-AMC_Levino-Porto	2025-10-14T21:20:22Z	LevinoMoises	https://github.com/Ascent-Software-Group/ascent-ui/pull/6039	0	See PR URL
6037	fix: prevent movement clients from submitting 1004ds with disclosed fee	CU-86dy00rqc_Movement-1004D-disclosed-vs-AMC-fee_Nick-Forshee	2025-10-13T18:56:44Z	Nick-Forshee-Ascent	https://github.com/Ascent-Software-Group/ascent-ui/pull/6037	0	See PR URL
6023	Cu 86dx7dktj amc vendor actions mark order paid levino porto	CU-86dx7dktj_AMC-Vendor-Actions-Mark-Order-Paid_Levino-Porto	2025-10-09T21:13:21Z	LevinoMoises	https://github.com/Ascent-Software-Group/ascent-ui/pull/6023	1	See PR URL
6030	feat: watch changes to target and update subject	CU-86dxnnre4_Cannot-send-message-to-client_Levino-Porto	2025-10-09T21:11:55Z	LevinoMoises	https://github.com/Ascent-Software-Group/ascent-ui/pull/6030	1	See PR URL
6032	fix: show invoice on client view if autoInvoice is enabled or undefined	fix/show-if-enabled-86dxb9p6x	2025-10-09T18:42:03Z	LevinoMoises	https://github.com/Ascent-Software-Group/ascent-ui/pull/6032	0	See PR URL
6033	fix: SSR override	CU-86dy0e0kd_SSR-question-override-AMS_Dustin-Taylor	2025-10-09T18:39:58Z	dustingtaylor	https://github.com/Ascent-Software-Group/ascent-ui/pull/6033	0	See PR URL
5988	feat: orderScreen.hideInvoiceFromClient	CU-86dxb9p6x_Veterans-Incorrect-Branding-On-Cancelled-Paid-Orders_Levino-Porto	2025-10-09T17:24:23Z	LevinoMoises	https://github.com/Ascent-Software-Group/ascent-ui/pull/5988	0	See PR URL
6028	Revert "fix: disable the ability to click the disclosed fee button (#6026)"	CU-86dy00rqc_Movement-1004D-disclosed-vs-AMC-fee_Nick-Forshee_revert	2025-10-08T23:06:30Z	Nick-Forshee-Ascent	https://github.com/Ascent-Software-Group/ascent-ui/pull/6028	0	See PR URL
6026	fix: disable the ability to click the disclosed fee button	CU-86dy00rqc_Movement-1004D-disclosed-vs-AMC-fee_Nick-Forshee	2025-10-08T22:48:02Z	Nick-Forshee-Ascent	https://github.com/Ascent-Software-Group/ascent-ui/pull/6026	0	See PR URL
6024	feat/order_form_v3	feat/order_form_v3	2025-10-08T19:58:51Z	karlatascent	https://github.com/Ascent-Software-Group/ascent-ui/pull/6024	0	See PR URL
6022	chore: remove this as it is identical to the a-editor	chore/remove-extra-text	2025-10-08T15:29:38Z	Nick-Forshee-Ascent	https://github.com/Ascent-Software-Group/ascent-ui/pull/6022	2	See PR URL
6020	CU-86dxwr5wp_Toll-Brothers-EPC-issues-Opteon-AMC_Karl-Monson	CU-86dxwr5wp_Toll-Brothers-EPC-issues-Opteon-AMC_Karl-Monson	2025-10-07T22:27:32Z	karlatascent	https://github.com/Ascent-Software-Group/ascent-ui/pull/6020	0	See PR URL
6017	CU-86dxz11nc_appraiser-tech-fee-issue-Opteon-AMC_Karl-Monson	chore/revert-revert	2025-10-06T21:08:06Z	Nick-Forshee-Ascent	https://github.com/Ascent-Software-Group/ascent-ui/pull/6017	0	See PR URL
6015	Revert "CU-86dxz11nc_appraiser-tech-fee-issue-Opteon-AMC_Karl-Monson (#6013)"	chore/revert	2025-10-06T19:59:32Z	Nick-Forshee-Ascent	https://github.com/Ascent-Software-Group/ascent-ui/pull/6015	0	See PR URL
6013	CU-86dxz11nc_appraiser-tech-fee-issue-Opteon-AMC_Karl-Monson	CU-86dxz11nc_appraiser-tech-fee-issue-Opteon-AMC_Karl-Monson	2025-10-06T18:06:28Z	karlatascent	https://github.com/Ascent-Software-Group/ascent-ui/pull/6013	0	See PR URL
6012	chore: remove this php file?	chore/remove_php_file	2025-10-06T15:51:28Z	Nick-Forshee-Ascent	https://github.com/Ascent-Software-Group/ascent-ui/pull/6012	0	See PR URL
6010	chore: update to also look for users with an 'Assigns Orders' permission	CU-86dxwwpab_Cannot-assign-assigners-in-assignment-coordinator-settings_Nick-Forshee	2025-10-02T16:06:51Z	Nick-Forshee-Ascent	https://github.com/Ascent-Software-Group/ascent-ui/pull/6010	0	See PR URL
6007	feat(tenancy-switcher): improve customer list display	feat/customer-list	2025-10-02T02:05:32Z	dustingtaylor	https://github.com/Ascent-Software-Group/ascent-ui/pull/6007	0	See PR URL
6006	CU-86dxwzc31: Add inactive user toggle and reactivate functionality	CU-86dxwzc31_reactivate-user-Mosaic_Dustin-Taylor	2025-10-02T02:05:19Z	dustingtaylor	https://github.com/Ascent-Software-Group/ascent-ui/pull/6006	0	See PR URL
5997	CU-86dxrd2en_Order-wont-go-back-on-hold_Karl-Monson	CU-86dxrd2en_Order-wont-go-back-on-hold_Karl-Monson	2025-10-01T21:29:43Z	karlatascent	https://github.com/Ascent-Software-Group/ascent-ui/pull/5997	0	See PR URL
6004	fix: prevent scrolling from adjusting fees	CU-86dxtpy2u_Payments-changing-on-their-own-Opteon-Appraisal_Nick-Forshee	2025-09-30T23:34:50Z	Nick-Forshee-Ascent	https://github.com/Ascent-Software-Group/ascent-ui/pull/6004	0	See PR URL
6003	chore: remove unused variable	chore/typescript-warning	2025-09-30T15:12:23Z	Nick-Forshee-Ascent	https://github.com/Ascent-Software-Group/ascent-ui/pull/6003	2	See PR URL
6001	fix: place hold vs payment hold from same dialog	fix/holds	2025-09-29T22:03:04Z	Nick-Forshee-Ascent	https://github.com/Ascent-Software-Group/ascent-ui/pull/6001	0	See PR URL
5999	CU-86dxry1vx_FHA-Case-number-input-New-Order-form-MoProp_Karl-Monson	CU-86dxry1vx_FHA-Case-number-input-New-Order-form-MoProp_Karl-Monson	2025-09-25T22:45:42Z	karlatascent	https://github.com/Ascent-Software-Group/ascent-ui/pull/5999	0	See PR URL
5996	Revert "Revert "Cu 86dxj6fwp incorrect client showing up as a loan officer option levino porto""	revert-5994-revert-5989-CU-86dxj6fwp_Incorrect-client-showing-up-as-a-loan-officer-option_Levino-Porto	2025-09-25T14:54:53Z	LevinoMoises	https://github.com/Ascent-Software-Group/ascent-ui/pull/5996	0	See PR URL
5994	Revert "Cu 86dxj6fwp incorrect client showing up as a loan officer option levino porto"	revert-5989-CU-86dxj6fwp_Incorrect-client-showing-up-as-a-loan-officer-option_Levino-Porto	2025-09-24T19:04:14Z	LevinoMoises	https://github.com/Ascent-Software-Group/ascent-ui/pull/5994	0	See PR URL
5992	CU-86dxra5vm_Prevent-Allocation-APM_Karl-Monson	CU-86dxra5vm_Prevent-Allocation-APM_Karl-Monson	2025-09-24T16:39:48Z	karlatascent	https://github.com/Ascent-Software-Group/ascent-ui/pull/5992	0	See PR URL
5989	Cu 86dxj6fwp incorrect client showing up as a loan officer option levino porto	CU-86dxj6fwp_Incorrect-client-showing-up-as-a-loan-officer-option_Levino-Porto	2025-09-24T16:24:56Z	LevinoMoises	https://github.com/Ascent-Software-Group/ascent-ui/pull/5989	1	See PR URL
5990	fix: show vendor name	CU-86dwx7xd4_Reassigning-Desk-orders-to-Other-AMCs_Nick-Forshee	2025-09-23T22:27:37Z	Nick-Forshee-Ascent	https://github.com/Ascent-Software-Group/ascent-ui/pull/5990	0	See PR URL
5984	fix: allow agents to set vacation	CU-86dxt84kk_add-vacation-tab-to-agent-profiles_Dustin-Taylor	2025-09-19T14:57:57Z	dustingtaylor	https://github.com/Ascent-Software-Group/ascent-ui/pull/5984	0	See PR URL
5982	fix: set ucdp and fha default values correctly if no setting exists	CU-86dxrwdq5_Encore-Still-Cant-Enter-in-UCDPEAD_Nick-Forshee	2025-09-18T20:41:15Z	Nick-Forshee-Ascent	https://github.com/Ascent-Software-Group/ascent-ui/pull/5982	0	See PR URL
5980	fix: actually use column-labels correctly	CU-86dxra6ct_APM-Dashboard-change-appraiser-to-AMC_Nick-Forshee	2025-09-16T22:42:39Z	Nick-Forshee-Ascent	https://github.com/Ascent-Software-Group/ascent-ui/pull/5980	0	See PR URL
5978	fix: allow desk users to view the public directory	CU-86dxrhuaq_Freedom-Mortgage-unable-to-access-Directory-page_Dustin-Taylor	2025-09-16T20:09:12Z	dustingtaylor	https://github.com/Ascent-Software-Group/ascent-ui/pull/5978	0	See PR URL
5976	chore: update froala license key	chore/update-froala-version	2025-09-12T14:15:12Z	dustingtaylor	https://github.com/Ascent-Software-Group/ascent-ui/pull/5976	0	See PR URL
5960	CU-86dxdh1xw_APM-needs-note-messages-to-default-to-ALL-sendee-types_Karl-Monson	CU-86dxdh1xw_APM-needs-note-messages-to-default-to-ALL-sendee-types_Karl-Monson	2025-09-11T18:15:02Z	karlatascent	https://github.com/Ascent-Software-Group/ascent-ui/pull/5960	0	See PR URL
5973	CU-86dxgzuwz_AE-Manager-Notifications_Karl-Monson	CU-86dxgzuwz_AE-Manager-Notifications_Karl-Monson	2025-09-10T23:27:23Z	karlatascent	https://github.com/Ascent-Software-Group/ascent-ui/pull/5973	0	See PR URL
5972	fix/epc_v3wrapper3	fix/epc_v3wrapper3	2025-09-09T23:06:16Z	karlatascent	https://github.com/Ascent-Software-Group/ascent-ui/pull/5972	0	See PR URL
5971	fix/epc_v3wrapper2	fix/epc_v3wrapper2	2025-09-09T22:22:50Z	karlatascent	https://github.com/Ascent-Software-Group/ascent-ui/pull/5971	0	See PR URL
5970	fix/epc_v3wrapper	fix/epc_v3wrapper	2025-09-09T22:10:11Z	karlatascent	https://github.com/Ascent-Software-Group/ascent-ui/pull/5970	0	See PR URL
5959	feat: add wrapper for order form using vue 3 app	CU-86dxm24cr_Order-Form-Frontend-Migration_Levino-Porto	2025-09-09T20:52:49Z	LevinoMoises	https://github.com/Ascent-Software-Group/ascent-ui/pull/5959	0	See PR URL
5849	chore(deps): bump pbkdf2 from 3.1.2 to 3.1.3	dependabot/npm_and_yarn/pbkdf2-3.1.3	2025-09-04T18:05:16Z	dependabot[bot]	https://github.com/Ascent-Software-Group/ascent-ui/pull/5849	0	See PR URL
5966	feat/custom_form_labels2	feat/custom_form_labels2	2025-09-04T16:47:35Z	karlatascent	https://github.com/Ascent-Software-Group/ascent-ui/pull/5966	0	See PR URL
5961	feat/custom_form_labels-CU-86dxg3umm	feat/custom_form_labels-CU-86dxg3umm	2025-09-03T16:59:30Z	karlatascent	https://github.com/Ascent-Software-Group/ascent-ui/pull/5961	0	See PR URL
5962	feat: check conditiosn instead of filter name	CU-86dwrk4xt_Add-black-arrows-to-dashboard-unread-queues-Opteon-AMC_Levino-Porto	2025-09-02T20:36:21Z	LevinoMoises	https://github.com/Ascent-Software-Group/ascent-ui/pull/5962	1	See PR URL
5957	CU-86dxdh1xw_APM-needs-note-messages-to-default-to-ALL-sendee-types_Karl-Monson	CU-86dxdh1xw_APM-needs-note-messages-to-default-to-ALL-sendee-types_Karl-Monson	2025-08-27T21:23:06Z	karlatascent	https://github.com/Ascent-Software-Group/ascent-ui/pull/5957	0	See PR URL
5951	feat: allow mod requests for connexions orders	CU-86dxfkre8_Connexions-Update-Pass-Fee-And-Product-Changes_Nick-Forshee	2025-08-25T20:55:27Z	Nick-Forshee-Ascent	https://github.com/Ascent-Software-Group/ascent-ui/pull/5951	0	See PR URL
5954	Revert "chore/revert"	revert-5952-chore/revert	2025-08-25T20:15:58Z	karlatascent	https://github.com/Ascent-Software-Group/ascent-ui/pull/5954	0	See PR URL
5952	chore/revert	chore/revert	2025-08-22T22:44:31Z	Nick-Forshee-Ascent	https://github.com/Ascent-Software-Group/ascent-ui/pull/5952	0	See PR URL
5947	feat: branch send manual borrower delivery option	CU-86dx52epd_Add-manual-borrower-delivery-option-at-branch-level_Dustin-Taylor	2025-08-22T17:16:12Z	dustingtaylor	https://github.com/Ascent-Software-Group/ascent-ui/pull/5947	0	See PR URL
5945	fix/customer_pages2	fix/customer_pages2	2025-08-20T22:55:59Z	karlatascent	https://github.com/Ascent-Software-Group/ascent-ui/pull/5945	0	See PR URL
5944	fix/customer_pages	fix/customer_pages	2025-08-20T21:59:18Z	karlatascent	https://github.com/Ascent-Software-Group/ascent-ui/pull/5944	0	See PR URL
5941	CU-86dx3yqfc_APMC-Expose-CU-Score-Datapoint-Dashboards-JaroBots-Meilisearch_Karl-Monson	CU-86dx3yqfc_APMC-Expose-CU-Score-Datapoint-Dashboards-JaroBots-Meilisearch_Karl-Monson	2025-08-20T21:46:51Z	karlatascent	https://github.com/Ascent-Software-Group/ascent-ui/pull/5941	0	See PR URL
5942	fix: add ability to limit turn times on multi vendor select	CU-86dwed4rx_AD-Remove-Fees-from-Order-Form_Dustin-Taylor2	2025-08-19T17:32:55Z	dustingtaylor	https://github.com/Ascent-Software-Group/ascent-ui/pull/5942	0	See PR URL
5939	fix: add appraisalport to re-open order	CU-86dxfyjuc_move-orders-back-to-Completed-Opteon-AMC_Dustin-Taylor	2025-08-14T02:52:31Z	dustingtaylor	https://github.com/Ascent-Software-Group/ascent-ui/pull/5939	0	See PR URL
5937	CU-86dxfy966_EPC-Contacts-Still-Greyed-Out_Karl-Monson	CU-86dxfy966_EPC-Contacts-Still-Greyed-Out_Karl-Monson	2025-08-12T19:40:14Z	karlatascent	https://github.com/Ascent-Software-Group/ascent-ui/pull/5937	0	See PR URL
5935	CU-86dw9jncg_Add-option-to-dropdown-and-make-visible-on-order_Karl-Monson-2	CU-86dw9jncg_Add-option-to-dropdown-and-make-visible-on-order_Karl-Monson-2	2025-08-08T19:47:25Z	karlatascent	https://github.com/Ascent-Software-Group/ascent-ui/pull/5935	0	See PR URL
5896	fix/sentry issues	fix/sentry-issues	2025-08-08T16:20:59Z	dustingtaylor	https://github.com/Ascent-Software-Group/ascent-ui/pull/5896	1	See PR URL
5933	feat: add bluesage as directorder	CU-86dxdh3a1_3-dot-options-to-include-cancel-option-for-Movement-Client-Users_Dustin-Taylor	2025-08-08T16:15:10Z	dustingtaylor	https://github.com/Ascent-Software-Group/ascent-ui/pull/5933	0	See PR URL
5930	feat: show appraised value to appraiser	CU-86dvqyhf5_Pull-in-appraised-value-into-appraiser-view_Levino-Porto	2025-08-07T17:34:27Z	LevinoMoises	https://github.com/Ascent-Software-Group/ascent-ui/pull/5930	2	See PR URL
5921	feat: add disable to items that match criteria to prevent removal	CU-86dxdqf2f_cc-lockdown_Levino-Porto	2025-08-06T20:29:16Z	LevinoMoises	https://github.com/Ascent-Software-Group/ascent-ui/pull/5921	2	See PR URL
5926	CU-86dw9jncg_Add-option-to-dropdown-and-make-visible-on-order_Karl-Monson	CU-86dw9jncg_Add-option-to-dropdown-and-make-visible-on-order_Karl-Monson	2025-08-06T17:48:29Z	karlatascent	https://github.com/Ascent-Software-Group/ascent-ui/pull/5926	0	See PR URL
5924	fix: don't show this to non appraisers	fix/dont_show_to_non_appraisers	2025-08-06T17:36:37Z	Nick-Forshee-Ascent	https://github.com/Ascent-Software-Group/ascent-ui/pull/5924	0	See PR URL
5922	fix: don't allow input of jarodesk.com emails on front end	CU-86dxevzqt_Files-keep-getting-added-on-closed-order_Nick-Forshee	2025-08-06T17:08:04Z	Nick-Forshee-Ascent	https://github.com/Ascent-Software-Group/ascent-ui/pull/5922	0	See PR URL
5919	CU-86dxevmjz_User-Notifications-not-saving-AD-Mortgage_Karl-Monson	CU-86dxevmjz_User-Notifications-not-saving-AD-Mortgage_Karl-Monson	2025-08-05T23:32:02Z	karlatascent	https://github.com/Ascent-Software-Group/ascent-ui/pull/5919	0	See PR URL
5917	fix/client_participant	fix/client_participant	2025-08-05T21:41:25Z	karlatascent	https://github.com/Ascent-Software-Group/ascent-ui/pull/5917	0	See PR URL
5915	feat: hide delete button for specific participantType	CU-86dxdqf2f_AD-CC-lockdown-so-AEs-cant-be-removed_Levino-Porto	2025-08-05T21:11:55Z	LevinoMoises	https://github.com/Ascent-Software-Group/ascent-ui/pull/5915	2	See PR URL
5912	fix: pass ability toown tech fee	CU-86dxekhwp_Cannot-upload-report-file-3000072-3820-Tumbleweed-Rd_Nick-Forshee	2025-08-05T15:30:35Z	Nick-Forshee-Ascent	https://github.com/Ascent-Software-Group/ascent-ui/pull/5912	0	See PR URL
5911	feat/epc_existing_orders_2	feat/epc_existing_orders_2	2025-08-04T23:47:32Z	karlatascent	https://github.com/Ascent-Software-Group/ascent-ui/pull/5911	0	See PR URL
5910	feat/epc_existing_orders	feat/epc_existing_orders	2025-08-04T23:14:59Z	karlatascent	https://github.com/Ascent-Software-Group/ascent-ui/pull/5910	0	See PR URL
5908	CU-86dxd6865_Way-to-regenerate-Property-Data-Report-on-the-order_Karl-Monson	CU-86dxd6865_Way-to-regenerate-Property-Data-Report-on-the-order_Karl-Monson	2025-07-31T23:44:39Z	karlatascent	https://github.com/Ascent-Software-Group/ascent-ui/pull/5908	0	See PR URL
5906	CU-86dxd5mnr_Allocation-going-to-Nations-even-though-they-are-not-a-Vendor-added-to-the-allocation_Karl-Monson	CU-86dxd5mnr_Allocation-going-to-Nations-even-though-they-are-not-a-Vendor-added-to-the-allocation_Karl-Monson	2025-07-31T18:00:44Z	karlatascent	https://github.com/Ascent-Software-Group/ascent-ui/pull/5906	0	See PR URL
5904	fix: set carboncopy label from integration data	fix/carboncopy	2025-07-23T16:36:03Z	Nick-Forshee-Ascent	https://github.com/Ascent-Software-Group/ascent-ui/pull/5904	0	See PR URL
5902	feat: allow appraisers of type amc to upload file types	feat/allow_amc_appraisers_to_upload_file_types	2025-07-22T21:36:40Z	Nick-Forshee-Ascent	https://github.com/Ascent-Software-Group/ascent-ui/pull/5902	0	See PR URL
5899	feat: show success message on appraisal completed	CU-86dx7ykq1_success-message-AMC_Levino-Porto	2025-07-22T20:16:07Z	LevinoMoises	https://github.com/Ascent-Software-Group/ascent-ui/pull/5899	1	See PR URL
5900	fix: allow stagger day to be equal to	CU-86dx8hykk_Incompatible-Stagger-error-Opteon-AMC_Levino-Porto	2025-07-22T20:15:50Z	LevinoMoises	https://github.com/Ascent-Software-Group/ascent-ui/pull/5900	0	See PR URL
5897	feat: add more logs	CU-86dx7ykq1_More-Logs_Levino-Porto	2025-07-18T15:49:41Z	LevinoMoises	https://github.com/Ascent-Software-Group/ascent-ui/pull/5897	0	See PR URL
5894	fix/forms vendor	fix/forms-vendor	2025-07-17T23:27:13Z	dustingtaylor	https://github.com/Ascent-Software-Group/ascent-ui/pull/5894	0	See PR URL
5892	feat/add appraiser filter integration forms vendor	feat/add-appraiser-filter-integration-forms-vendor	2025-07-17T22:37:34Z	dustingtaylor	https://github.com/Ascent-Software-Group/ascent-ui/pull/5892	0	See PR URL
5891	Cu 86dx7ykq1 env upload issues opteon amc levino porto	CU-86dx7ykq1_ENV-upload-issues-Opteon-AMC_Levino-Porto	2025-07-17T22:35:16Z	LevinoMoises	https://github.com/Ascent-Software-Group/ascent-ui/pull/5891	0	See PR URL
5890	CU-86dx6zzmc_APM-Co-Branding-Payment-Links-Emails_Karl-Monson-2	CU-86dx6zzmc_APM-Co-Branding-Payment-Links-Emails_Karl-Monson-2	2025-07-17T17:18:02Z	karlatascent	https://github.com/Ascent-Software-Group/ascent-ui/pull/5890	0	See PR URL
5887	CU-86dx6zzmc_APM-Co-Branding-Payment-Links-Emails_Karl-Monson	CU-86dx6zzmc_APM-Co-Branding-Payment-Links-Emails_Karl-Monson	2025-07-17T16:52:44Z	karlatascent	https://github.com/Ascent-Software-Group/ascent-ui/pull/5887	0	See PR URL
5875	fix: compare complete date instead of just day	CU-86dx6m4aw_Notes-showing-up-on-wrong-date_Levino-Porto	2025-07-16T04:34:37Z	LevinoMoises	https://github.com/Ascent-Software-Group/ascent-ui/pull/5875	0	See PR URL
5884	feat: add branchOnAppraisalAddress	CU-86dx4pj7k_Show-Branch-Address-in-Client-Details_Levino-Porto	2025-07-15T18:15:40Z	LevinoMoises	https://github.com/Ascent-Software-Group/ascent-ui/pull/5884	0	See PR URL
5882	fix: also support scenario where multiple appraisers are required	CU-86dx5um6c_AD-Remove-Default-Fee-fix_Levino-Porto	2025-07-11T21:05:52Z	LevinoMoises	https://github.com/Ascent-Software-Group/ascent-ui/pull/5882	0	See PR URL
5878	feat: for customer 12 only show fees after amc is selected	CU-86dx5um6c_AD-Remove-Default-Fee_Levino-Porto	2025-07-11T20:27:07Z	LevinoMoises	https://github.com/Ascent-Software-Group/ascent-ui/pull/5878	1	See PR URL
5879	fix/fannie_freddie_submission	fix/fannie_freddie_submission	2025-07-10T21:45:52Z	karlatascent	https://github.com/Ascent-Software-Group/ascent-ui/pull/5879	1	See PR URL
5876	CU-86dx407zz_EPC-Contacts-Update_Karl-Monson	CU-86dx407zz_EPC-Contacts-Update_Karl-Monson	2025-07-09T21:38:09Z	karlatascent	https://github.com/Ascent-Software-Group/ascent-ui/pull/5876	2	See PR URL
5873	fix: match the selectable milestones to the available milestones in order dictionaries	CU-86dx523jx_AMS-scheduled-jarobot-not-firing_Nick-Forshee	2025-07-07T18:36:29Z	Nick-Forshee-Ascent	https://github.com/Ascent-Software-Group/ascent-ui/pull/5873	0	See PR URL
5867	Cu 86dx3wwzj/appraiser roles	CU-86dx3wwzj/appraiser-roles	2025-07-03T17:15:42Z	LevinoMoises	https://github.com/Ascent-Software-Group/ascent-ui/pull/5867	0	See PR URL
5870	fix: show correct amount for pending usage fees	fix/show-correct-amount-usage-fee	2025-07-03T17:04:39Z	Nick-Forshee-Ascent	https://github.com/Ascent-Software-Group/ascent-ui/pull/5870	0	See PR URL
5865	fix: fix decline order	fix/decline	2025-07-01T23:34:05Z	dustingtaylor	https://github.com/Ascent-Software-Group/ascent-ui/pull/5865	0	See PR URL
5863	fix: decline answer will allow for button click	CU-86dx5f0hh_Unable-to-decline-on-behalf-of-appraiser_Dustin-Taylor	2025-07-01T22:54:13Z	dustingtaylor	https://github.com/Ascent-Software-Group/ascent-ui/pull/5863	0	See PR URL
5861	feat: remove not scheduled tag from system tags fully	feat/remove-not-scheduled-system	2025-06-30T22:43:37Z	dustingtaylor	https://github.com/Ascent-Software-Group/ascent-ui/pull/5861	0	See PR URL
5858	fix/appraiser_decline	fix/appraiser_decline	2025-06-27T22:41:57Z	karlatascent	https://github.com/Ascent-Software-Group/ascent-ui/pull/5858	0	See PR URL
5855	fix: for usage fees that don't have details, like refunded before charged	fix/billing-page-appraiser	2025-06-26T20:16:43Z	dustingtaylor	https://github.com/Ascent-Software-Group/ascent-ui/pull/5855	0	See PR URL
5853	fix: appraiser billing page pulling usage fees	fix/appraiser-billing-page	2025-06-26T19:05:18Z	dustingtaylor	https://github.com/Ascent-Software-Group/ascent-ui/pull/5853	0	See PR URL
5840	feat: do not set sorting with none	CU-86dx1bkc2_AMS-unread-notes-out-of-order_Levino-Porto	2025-06-24T18:15:00Z	LevinoMoises	https://github.com/Ascent-Software-Group/ascent-ui/pull/5840	0	See PR URL
5847	CU 86dx39avm Appraisers showing as Check but should be ACH Dustin Taylor	CU-86dx39avm_Appraisers-showing-as-Check-but-should-be-ACH_Dustin-Taylor	2025-06-23T19:02:55Z	dustingtaylor	https://github.com/Ascent-Software-Group/ascent-ui/pull/5847	1	See PR URL
5845	fix: reset officer_id when manual user is updated	CU-86dx26qb3_unassociated-branch-assigned-to-order-MVS_Levino-Porto	2025-06-23T16:06:59Z	LevinoMoises	https://github.com/Ascent-Software-Group/ascent-ui/pull/5845	1	See PR URL
5843	fix: stuffs	fix/appraiser-payroll	2025-06-17T22:47:23Z	dustingtaylor	https://github.com/Ascent-Software-Group/ascent-ui/pull/5843	0	See PR URL
5841	fix: display with no address	CU-86dx1ymu9_Moprop-Payroll-not-working_Dustin-Taylor	2025-06-17T21:46:38Z	dustingtaylor	https://github.com/Ascent-Software-Group/ascent-ui/pull/5841	0	See PR URL
5838	fix: should allow less than or equal to stagger days for error	CU-86dwzkp6g_Appraiser-stagger-error-on-order-assignment_Dustin-Taylor	2025-06-16T23:55:17Z	dustingtaylor	https://github.com/Ascent-Software-Group/ascent-ui/pull/5838	0	See PR URL
5836	fix/adm_order_setup	fix/adm_order_setup	2025-06-09T20:39:58Z	karlatascent	https://github.com/Ascent-Software-Group/ascent-ui/pull/5836	0	See PR URL
5834	fix: typo	CU-86dwzjvw6_AD-AppraisalOrder-Cookie-New-order-page-is-not-prefilled-Options-missing_Dustin-Taylor	2025-06-09T16:56:35Z	dustingtaylor	https://github.com/Ascent-Software-Group/ascent-ui/pull/5834	0	See PR URL
5830	fix: processor select	CU-86dwrxv1u_Encompass-User-Cannot-Pull-Processor-List_Levino-Porto	2025-06-06T22:00:56Z	LevinoMoises	https://github.com/Ascent-Software-Group/ascent-ui/pull/5830	1	See PR URL
5831	fix: catch validation error from back end	fix/schedule-date	2025-06-06T15:04:06Z	Nick-Forshee-Ascent	https://github.com/Ascent-Software-Group/ascent-ui/pull/5831	0	See PR URL
5828	fix: get_fees after updates	CU-86dwxygtx_Add-on-products-not-showing-on-order-form_Levino-Porto	2025-06-04T15:32:25Z	LevinoMoises	https://github.com/Ascent-Software-Group/ascent-ui/pull/5828	0	See PR URL
5826	Revert "fix: pass down usage fees still required for payment by appraiser (#5822)"	fix/revert	2025-06-03T18:57:51Z	Nick-Forshee-Ascent	https://github.com/Ascent-Software-Group/ascent-ui/pull/5826	0	See PR URL
5824	fix: render logo correctly	fix/appraisal-reconsideration-page	2025-05-30T18:27:53Z	Nick-Forshee-Ascent	https://github.com/Ascent-Software-Group/ascent-ui/pull/5824	0	See PR URL
5822	fix: pass down usage fees still required for payment by appraiser	fix/usage-fee	2025-05-29T16:42:34Z	Nick-Forshee-Ascent	https://github.com/Ascent-Software-Group/ascent-ui/pull/5822	0	See PR URL
5820	feat: get env required from parent order	CU-86dwvgvvx_Need-Fix-to-New-ENV-Feature_Nick-Forshee	2025-05-27T21:50:44Z	Nick-Forshee-Ascent	https://github.com/Ascent-Software-Group/ascent-ui/pull/5820	0	See PR URL
5818	CU-86dwv70tr_Encompass-gives-Blank-Screen_Karl-Monson	CU-86dwv70tr_Encompass-gives-Blank-Screen_Karl-Monson	2025-05-22T22:53:17Z	karlatascent	https://github.com/Ascent-Software-Group/ascent-ui/pull/5818	0	See PR URL
5816	feat: add feature to hide/show amc fees	CU-86dwed4rx_AD-Remove-Fees-from-Order-Form_Dustin-Taylor	2025-05-21T23:22:52Z	dustingtaylor	https://github.com/Ascent-Software-Group/ascent-ui/pull/5816	0	See PR URL
5814	raise opteon fees	feat/raise-fees	2025-05-21T22:35:12Z	gborcherds	https://github.com/Ascent-Software-Group/ascent-ui/pull/5814	0	See PR URL
5809	fix: appraiser panel options	CU-86dwt5a1r_Fix_AppraiserPanelOptions	2025-05-20T20:07:47Z	LevinoMoises	https://github.com/Ascent-Software-Group/ascent-ui/pull/5809	0	See PR URL
5811	feat: only allow cancel inspection before total completion	CU-86dwtd033_Add-a-new-permission-for-Cancel-Inspection_Dustin-Taylor2	2025-05-20T18:43:05Z	dustingtaylor	https://github.com/Ascent-Software-Group/ascent-ui/pull/5811	0	See PR URL
5808	feat: remove cancel inspection button on completion	CU-86dwtd033_Add-a-new-permission-for-Cancel-Inspection_Dustin-Taylor	2025-05-20T18:23:35Z	dustingtaylor	https://github.com/Ascent-Software-Group/ascent-ui/pull/5808	0	See PR URL
5805	feat: require vendor to upload env if lender entity_option is set	CU-86dwnyfhv_ENV-Uploads-no-conversion_Nick-Forshee	2025-05-19T20:44:37Z	Nick-Forshee-Ascent	https://github.com/Ascent-Software-Group/ascent-ui/pull/5805	0	See PR URL
5803	CU-86dwu1hmy_Movement-LO-Cant-Order_Karl-Monson	CU-86dwu1hmy_Movement-LO-Cant-Order_Karl-Monson	2025-05-19T17:36:41Z	karlatascent	https://github.com/Ascent-Software-Group/ascent-ui/pull/5803	0	See PR URL
5801	fix: add spacer if only one action button	CU-86dwt3mq7_Movement-Blue-Sage-Updates_Nick-Forshee	2025-05-15T17:08:12Z	Nick-Forshee-Ascent	https://github.com/Ascent-Software-Group/ascent-ui/pull/5801	0	See PR URL
5799	fix: stuff	fix/md-re-open	2025-05-13T21:45:47Z	dustingtaylor	https://github.com/Ascent-Software-Group/ascent-ui/pull/5799	0	See PR URL
5797	feat: add mortgagedirector to list of orders that can be re-opened	feat/allow-mortgage-director-reopen	2025-05-13T21:10:29Z	dustingtaylor	https://github.com/Ascent-Software-Group/ascent-ui/pull/5797	0	See PR URL
5795	chore: hide panel viewer based on customer feature	chore/panel-hiding	2025-05-12T23:38:00Z	Nick-Forshee-Ascent	https://github.com/Ascent-Software-Group/ascent-ui/pull/5795	0	See PR URL
5793	fix: format date, but not local	CU-86dwr5gxj_Check-Dates-dont-appear-to-be-accurate_Dustin-Taylor	2025-05-12T21:43:22Z	dustingtaylor	https://github.com/Ascent-Software-Group/ascent-ui/pull/5793	0	See PR URL
5791	fix: it's not option value anymore, just the res.data	CU-86dwkuf09_Appraiser-tags-not-appearing-on-order-screen_Nick-Forshee	2025-05-09T15:57:41Z	Nick-Forshee-Ascent	https://github.com/Ascent-Software-Group/ascent-ui/pull/5791	0	See PR URL
5789	fix: ascent mapping allow mapping addons with a main product	fix/ascent-mapping-integration-forms	2025-05-07T23:13:13Z	dustingtaylor	https://github.com/Ascent-Software-Group/ascent-ui/pull/5789	0	See PR URL
5787	CU-86dwj3p8c_Prefill-order-form-with-information-from-AD_Karl-Monson	CU-86dwj3p8c_Prefill-order-form-with-information-from-AD_Karl-Monson	2025-05-07T23:10:50Z	karlatascent	https://github.com/Ascent-Software-Group/ascent-ui/pull/5787	0	See PR URL
5785	fix: warn that disabling a jarobot will inactivate future events for that jarobot	CU-86dwq2797_AMS-Jarobots-firing-even-though-its-disabled_Nick-Forshee	2025-05-07T21:10:41Z	Nick-Forshee-Ascent	https://github.com/Ascent-Software-Group/ascent-ui/pull/5785	0	See PR URL
5783	fix: file type selection on front end to match new backend structure	CU-86dwn1w0j_File-Type-issue_Nick-Forshee	2025-05-06T20:22:49Z	Nick-Forshee-Ascent	https://github.com/Ascent-Software-Group/ascent-ui/pull/5783	2	See PR URL
5780	feat: separate out fee/date mod request approve / reject for jarobots	CU-86dwp9qtk_Fee-Mod-Request-approval-jarobot-approving-due-date-changes-AD-Mortgage_Nick-Forshee	2025-05-05T22:24:07Z	Nick-Forshee-Ascent	https://github.com/Ascent-Software-Group/ascent-ui/pull/5780	0	See PR URL
5778	fix: other label	fix/jarobots-label	2025-05-05T20:52:21Z	dustingtaylor	https://github.com/Ascent-Software-Group/ascent-ui/pull/5778	0	See PR URL
5776	fix/jarobots false true	fix/jarobots-false-true	2025-05-05T20:39:42Z	dustingtaylor	https://github.com/Ascent-Software-Group/ascent-ui/pull/5776	0	See PR URL
5774	fix: jarobot disabled true/false values	fix/jarobot-disabled	2025-05-05T17:01:16Z	dustingtaylor	https://github.com/Ascent-Software-Group/ascent-ui/pull/5774	0	See PR URL
5772	fix/remove_flood_cert_requirement	fix/remove_flood_cert_requirement	2025-05-02T22:30:35Z	karlatascent	https://github.com/Ascent-Software-Group/ascent-ui/pull/5772	0	See PR URL
5770	fix: reference for library doc text. already returning the text	CU-86dwjgv6x_Appraiser-agreement-blank-when-accepting-order_Dustin-Taylor	2025-04-26T03:59:14Z	dustingtaylor	https://github.com/Ascent-Software-Group/ascent-ui/pull/5770	0	See PR URL
5768	feat: borrower delivery files on public appraisal page now gets passed from backend	CU-86dwjhmd2_ROV-Disclosure-Proof-of-Delivery_Dustin-Taylor	2025-04-24T17:08:15Z	dustingtaylor	https://github.com/Ascent-Software-Group/ascent-ui/pull/5768	0	See PR URL
5766	feat: paid status	feat/paidStatus	2025-04-23T20:31:41Z	Nick-Forshee-Ascent	https://github.com/Ascent-Software-Group/ascent-ui/pull/5766	0	See PR URL
5764	fix: permission check for only customer users	CU-86dwj23je_Howard-Hanna-Users-Can-Order-For-Others_Dustin-Taylor	2025-04-18T17:55:25Z	dustingtaylor	https://github.com/Ascent-Software-Group/ascent-ui/pull/5764	0	See PR URL
5761	feat: add pagination for exclusionary list	CU-86dwhhu3j_Exclusionary-Lists-not-loading-taking-long-time-to-load-Vendors-tab-AMS_Levino-Porto	2025-04-18T14:55:16Z	LevinoMoises	https://github.com/Ascent-Software-Group/ascent-ui/pull/5761	2	See PR URL
5759	feat: show lenders chips on investors list	CU-86dwhrh03_Add-Investor-Missing_Nick-Forshee	2025-04-18T14:54:57Z	Nick-Forshee-Ascent	https://github.com/Ascent-Software-Group/ascent-ui/pull/5759	2	See PR URL
5760	Revert "Revert "chore: remove options migrated to entity options""	revert-5757-revert-5746-CU-86dwgbt6c_Updated-frontend-calls-for-appraiseroptions_Levino-Porto	2025-04-18T02:18:39Z	LevinoMoises	https://github.com/Ascent-Software-Group/ascent-ui/pull/5760	0	See PR URL
5757	Revert "chore: remove options migrated to entity options"	revert-5746-CU-86dwgbt6c_Updated-frontend-calls-for-appraiseroptions_Levino-Porto	2025-04-17T22:12:09Z	LevinoMoises	https://github.com/Ascent-Software-Group/ascent-ui/pull/5757	0	See PR URL
5746	chore: remove options migrated to entity options	CU-86dwgbt6c_Updated-frontend-calls-for-appraiseroptions_Levino-Porto	2025-04-17T21:12:11Z	LevinoMoises	https://github.com/Ascent-Software-Group/ascent-ui/pull/5746	0	See PR URL
5754	CU-86dwhtxj4_All-Users-can-view-all-dashboards-Opteon-AMC-Appraisal_Karl-Monson	CU-86dwhtxj4_All-Users-can-view-all-dashboards-Opteon-AMC-Appraisal_Karl-Monson	2025-04-17T18:20:44Z	karlatascent	https://github.com/Ascent-Software-Group/ascent-ui/pull/5754	0	See PR URL
5752	feat: move fee schedule lenders to settings page	CU-86dwc8tq3_fee-schedule-Not-a-lender-option_Nick-Forshee	2025-04-17T15:56:57Z	Nick-Forshee-Ascent	https://github.com/Ascent-Software-Group/ascent-ui/pull/5752	2	See PR URL
5750	fix: use correct path for open ai action	CU-86dwfu027_Create-Conditions-tool-not-working_Levino-Porto	2025-04-16T16:03:17Z	LevinoMoises	https://github.com/Ascent-Software-Group/ascent-ui/pull/5750	2	See PR URL
5747	feat: customer permission lookup	CU-86dwef71h_Veterans-users-able-to-request-ROV_Dustin-Taylor	2025-04-15T23:00:28Z	dustingtaylor	https://github.com/Ascent-Software-Group/ascent-ui/pull/5747	0	See PR URL
5744	fix: send tokens once login has finished as well	fix-auth-on-fresh-login	2025-04-15T20:08:27Z	LevinoMoises	https://github.com/Ascent-Software-Group/ascent-ui/pull/5744	0	See PR URL
5743	fix: auth	fix_auth	2025-04-15T19:31:36Z	LevinoMoises	https://github.com/Ascent-Software-Group/ascent-ui/pull/5743	0	See PR URL
5741	fix: if lender options don't exist return false	fix/fannie-freddie-settings	2025-04-15T17:34:44Z	Nick-Forshee-Ascent	https://github.com/Ascent-Software-Group/ascent-ui/pull/5741	0	See PR URL
5739	chore: bring back fee schedule	feat/lender-fee-schedule	2025-04-15T16:32:36Z	Nick-Forshee-Ascent	https://github.com/Ascent-Software-Group/ascent-ui/pull/5739	0	See PR URL
5737	fix/init_v3_auth2	fix/init_v3_auth2	2025-04-14T23:25:08Z	karlatascent	https://github.com/Ascent-Software-Group/ascent-ui/pull/5737	0	See PR URL
5736	fix/init_v3_auth	fix/init_v3_auth	2025-04-14T23:04:44Z	karlatascent	https://github.com/Ascent-Software-Group/ascent-ui/pull/5736	0	See PR URL
5735	fix: rendering of client component	fix/office-client-tags	2025-04-14T21:23:39Z	Nick-Forshee-Ascent	https://github.com/Ascent-Software-Group/ascent-ui/pull/5735	0	See PR URL
5734	feat/entity_option_switchover	feat/entity_option_switchover	2025-04-14T21:09:30Z	karlatascent	https://github.com/Ascent-Software-Group/ascent-ui/pull/5734	0	See PR URL
5730	CU-86dwa6pu3_Add-Opteon-Appraisal-to-Freedom-Mortgage-Instance_Karl-Monson	CU-86dwa6pu3_Add-Opteon-Appraisal-to-Freedom-Mortgage-Instance_Karl-Monson	2025-04-11T19:10:06Z	karlatascent	https://github.com/Ascent-Software-Group/ascent-ui/pull/5730	2	See PR URL
5731	CU-86dvr1cv5_Add-Main-Product-as-allocation-rule_Karl-Monson	CU-86dvr1cv5_Add-Main-Product-as-allocation-rule_Karl-Monson	2025-04-10T23:08:39Z	karlatascent	https://github.com/Ascent-Software-Group/ascent-ui/pull/5731	0	See PR URL
5720	feat: add v3 routes	feat/v3-routes	2025-04-08T17:54:48Z	LevinoMoises	https://github.com/Ascent-Software-Group/ascent-ui/pull/5720	0	See PR URL
5725	chore: bump axios version	CU-86dwbphbf_Upgrade-axios-on-ascent-UI_Levino-Porto	2025-04-07T22:39:40Z	LevinoMoises	https://github.com/Ascent-Software-Group/ascent-ui/pull/5725	0	See PR URL
5709	[DEPLOY on Mon, 7th April, 2025] Kit 71759: Remove "Request TDCX" and reroute "Access JaroKit"	71759_Remove_Request_TDCX_and_reroute_Access_JaroKit	2025-04-07T18:00:20Z	biesiad	https://github.com/Ascent-Software-Group/ascent-ui/pull/5709	2	See PR URL
5723	CU-86dwd91er_Movement-disable-1004D-ordering-on-VA-loans_Karl-Monson-2	CU-86dwd91er_Movement-disable-1004D-ordering-on-VA-loans_Karl-Monson-2	2025-04-03T21:52:06Z	karlatascent	https://github.com/Ascent-Software-Group/ascent-ui/pull/5723	0	See PR URL
5722	CU-86dwd91er_Movement-disable-1004D-ordering-on-VA-loans_Karl-Monson	CU-86dwd91er_Movement-disable-1004D-ordering-on-VA-loans_Karl-Monson	2025-04-03T21:33:13Z	karlatascent	https://github.com/Ascent-Software-Group/ascent-ui/pull/5722	1	See PR URL
5721	fix: move has property access checkbox outside borrower phone loop	CU-86dufv3vb_UI-Has-Property-Access-showing-multiple-times-for-same-contact_Levino-Porto	2025-04-03T21:27:00Z	LevinoMoises	https://github.com/Ascent-Software-Group/ascent-ui/pull/5721	1	See PR URL
5718	feat: hide topbar dashboard select when using new v3 dashboard page	CU-86dwd9cbz_Dashboard-styling-updates-for-Vue-3_Levino-Porto	2025-04-02T15:30:55Z	LevinoMoises	https://github.com/Ascent-Software-Group/ascent-ui/pull/5718	0	See PR URL
5716	CU-86dwb9k54_Rollback-ROV-for-FHA-Loans_Karl-Monson-2	CU-86dwb9k54_Rollback-ROV-for-FHA-Loans_Karl-Monson-2	2025-04-01T19:25:51Z	karlatascent	https://github.com/Ascent-Software-Group/ascent-ui/pull/5716	0	See PR URL
5714	CU-86dwb9k54_Rollback-ROV-for-FHA-Loans_Karl-Monson	CU-86dwb9k54_Rollback-ROV-for-FHA-Loans_Karl-Monson	2025-04-01T17:29:24Z	karlatascent	https://github.com/Ascent-Software-Group/ascent-ui/pull/5714	0	See PR URL
5630	Feature/dashboard vue3 migration	feature/dashboard_vue3_migration	2025-04-01T14:01:26Z	LevinoMoises	https://github.com/Ascent-Software-Group/ascent-ui/pull/5630	1	See PR URL
5712	CU-86dwbn10r_AD-Allocations-Bug_Karl-Monson-2	CU-86dwbn10r_AD-Allocations-Bug_Karl-Monson-2	2025-03-31T22:24:43Z	karlatascent	https://github.com/Ascent-Software-Group/ascent-ui/pull/5712	0	See PR URL
5710	CU-86dwbn10r_AD-Allocations-Bug_Karl-Monson	CU-86dwbn10r_AD-Allocations-Bug_Karl-Monson	2025-03-28T21:57:44Z	karlatascent	https://github.com/Ascent-Software-Group/ascent-ui/pull/5710	0	See PR URL
5708	CU-86dwcat4t_AD-Unable-to-order-Additional-Product_Karl-Monson-2	CU-86dwcat4t_AD-Unable-to-order-Additional-Product_Karl-Monson-2	2025-03-28T21:18:46Z	karlatascent	https://github.com/Ascent-Software-Group/ascent-ui/pull/5708	0	See PR URL
5706	CU-86dwcat4t_AD-Unable-to-order-Additional-Product_Karl-Monson	CU-86dwcat4t_AD-Unable-to-order-Additional-Product_Karl-Monson	2025-03-28T20:55:56Z	karlatascent	https://github.com/Ascent-Software-Group/ascent-ui/pull/5706	0	See PR URL
5703	CU-86dwamhga_Property-Land-Type_Karl-Monson	CU-86dwamhga_Property-Land-Type_Karl-Monson	2025-03-27T22:53:58Z	karlatascent	https://github.com/Ascent-Software-Group/ascent-ui/pull/5703	0	See PR URL
5701	fix: allow office user types to see appraiser billing page	CU-86dwbm3tm_Moprop-Admins-unable-to-view-appraiser-billing-tab_Dustin-Taylor	2025-03-27T17:34:49Z	dustingtaylor	https://github.com/Ascent-Software-Group/ascent-ui/pull/5701	0	See PR URL
5692	CU 86dwamj5j Finance Types Nick Forshee	CU-86dwamj5j_Finance-Types_Nick-Forshee	2025-03-26T21:55:50Z	Nick-Forshee-Ascent	https://github.com/Ascent-Software-Group/ascent-ui/pull/5692	1	See PR URL
5698	CU-86dwah18u_Contact-Type_Karl-Monson	CU-86dwah18u_Contact-Type_Karl-Monson	2025-03-26T21:47:51Z	karlatascent	https://github.com/Ascent-Software-Group/ascent-ui/pull/5698	2	See PR URL
5697	fix: bump dompurify to 3.1.3 for vulnerability	fix/dompurify-vulnerability	2025-03-26T21:44:58Z	Nick-Forshee-Ascent	https://github.com/Ascent-Software-Group/ascent-ui/pull/5697	0	See PR URL
5696	chore: revert bump back down to 3.0.9 explicitly	chore/revert-dompurify-bump	2025-03-26T21:38:22Z	Nick-Forshee-Ascent	https://github.com/Ascent-Software-Group/ascent-ui/pull/5696	0	See PR URL
5695	fix: dompurify to ^3.2.4	fix/dompurify	2025-03-26T21:03:44Z	Nick-Forshee-Ascent	https://github.com/Ascent-Software-Group/ascent-ui/pull/5695	0	See PR URL
5689	feat: allow them to add phrases which prevent the auto forwarding of notes	CU-86dwbb97c_Disable-new-file-added-email-notifications-for-Veterans_Nick-Forshee	2025-03-26T20:36:59Z	Nick-Forshee-Ascent	https://github.com/Ascent-Software-Group/ascent-ui/pull/5689	2	See PR URL
5645	chore(deps): bump @babel/helpers from 7.14.6 to 7.26.10	dependabot/npm_and_yarn/babel/helpers-7.26.10	2025-03-26T17:31:30Z	dependabot[bot]	https://github.com/Ascent-Software-Group/ascent-ui/pull/5645	0	See PR URL
5646	chore(deps): bump @babel/runtime from 7.14.6 to 7.26.10	dependabot/npm_and_yarn/babel/runtime-7.26.10	2025-03-26T17:30:36Z	dependabot[bot]	https://github.com/Ascent-Software-Group/ascent-ui/pull/5646	0	See PR URL
5643	chore(deps): bump @babel/runtime-corejs2 from 7.15.3 to 7.26.10	dependabot/npm_and_yarn/babel/runtime-corejs2-7.26.10	2025-03-26T17:29:03Z	dependabot[bot]	https://github.com/Ascent-Software-Group/ascent-ui/pull/5643	0	See PR URL
5610	chore(deps): bump dompurify from 3.0.9 to 3.2.4	dependabot/npm_and_yarn/dompurify-3.2.4	2025-03-26T17:27:32Z	dependabot[bot]	https://github.com/Ascent-Software-Group/ascent-ui/pull/5610	0	See PR URL
5603	chore(deps): bump elliptic from 6.6.0 to 6.6.1	dependabot/npm_and_yarn/elliptic-6.6.1	2025-03-26T17:25:47Z	dependabot[bot]	https://github.com/Ascent-Software-Group/ascent-ui/pull/5603	0	See PR URL
5691	fix: use listeners to forward events	fix/forward-events	2025-03-26T14:45:49Z	LevinoMoises	https://github.com/Ascent-Software-Group/ascent-ui/pull/5691	2	See PR URL
5690	fix: remove duplicated event emit	fix/duplicated-event-emit	2025-03-26T13:51:59Z	LevinoMoises	https://github.com/Ascent-Software-Group/ascent-ui/pull/5690	1	See PR URL
5687	CU-86dwbba0x_Files-fail-to-open-on-orders_Karl-Monson	CU-86dwbba0x_Files-fail-to-open-on-orders_Karl-Monson	2025-03-25T22:47:38Z	karlatascent	https://github.com/Ascent-Software-Group/ascent-ui/pull/5687	0	See PR URL
5683	feat: use dictionary select for phone type	CU-86dwah19a_Phone-Type_Levino-Porto	2025-03-25T22:45:29Z	LevinoMoises	https://github.com/Ascent-Software-Group/ascent-ui/pull/5683	2	See PR URL
5685	fix/dictionary_autocomplete_input	fix/dictionary_autocomplete_input	2025-03-25T21:02:56Z	karlatascent	https://github.com/Ascent-Software-Group/ascent-ui/pull/5685	0	See PR URL
5684	CU-86dwamjn0_File-Types_Karl-Monson	CU-86dwamjn0_File-Types_Karl-Monson	2025-03-25T20:35:01Z	karlatascent	https://github.com/Ascent-Software-Group/ascent-ui/pull/5684	0	See PR URL
5681	fix: new endpoint doesn't return a documents key	fix/documents	2025-03-25T17:33:22Z	Nick-Forshee-Ascent	https://github.com/Ascent-Software-Group/ascent-ui/pull/5681	0	See PR URL
5680	fix: only use appraisal for now	fix/ordertype	2025-03-25T16:48:30Z	Nick-Forshee-Ascent	https://github.com/Ascent-Software-Group/ascent-ui/pull/5680	0	See PR URL
5651	feat: read occupancy from data dictionary	CU-86dw7f6wm_Occupancy_Nick-Forshee	2025-03-25T15:40:14Z	Nick-Forshee-Ascent	https://github.com/Ascent-Software-Group/ascent-ui/pull/5651	2	See PR URL
5658	fix document library items	fix/profile-fixes-updates	2025-03-25T00:22:20Z	gborcherds	https://github.com/Ascent-Software-Group/ascent-ui/pull/5658	0	See PR URL
5676	CU-86dw5dfg0_AD-Allocation-Rules_Karl-Monson-2	CU-86dw5dfg0_AD-Allocation-Rules_Karl-Monson-2	2025-03-21T21:09:13Z	karlatascent	https://github.com/Ascent-Software-Group/ascent-ui/pull/5676	0	See PR URL
5674	CU-86dw9y9kw_Opteon-AMC--Cancel-UW-Request-option-isnt-in-order_Karl-Monson	CU-86dw9y9kw_Opteon-AMC--Cancel-UW-Request-option-isnt-in-order_Karl-Monson	2025-03-20T23:22:02Z	karlatascent	https://github.com/Ascent-Software-Group/ascent-ui/pull/5674	0	See PR URL
5672	CU-86dwa5g8e_AD-user-unable-to-place-order_Karl-Monson	CU-86dwa5g8e_AD-user-unable-to-place-order_Karl-Monson	2025-03-20T16:40:27Z	karlatascent	https://github.com/Ascent-Software-Group/ascent-ui/pull/5672	0	See PR URL
5668	feat: error catching from backend	CU-86dw9u2nc_HoldsResumes-by-Vendor-Enablement_Nick-Forshee	2025-03-19T22:47:24Z	Nick-Forshee-Ascent	https://github.com/Ascent-Software-Group/ascent-ui/pull/5668	1	See PR URL
5669	fix: send name to endpoint	fix/collect-card-name	2025-03-19T21:57:06Z	Nick-Forshee-Ascent	https://github.com/Ascent-Software-Group/ascent-ui/pull/5669	0	See PR URL
5665	fix/order_form_billing_methods	fix/order_form_billing_methods	2025-03-18T17:28:00Z	karlatascent	https://github.com/Ascent-Software-Group/ascent-ui/pull/5665	0	See PR URL
5663	fix/required_vendor_count	fix/required_vendor_count	2025-03-17T23:52:22Z	karlatascent	https://github.com/Ascent-Software-Group/ascent-ui/pull/5663	0	See PR URL
5656	CU-86dtdq6e2_Flood-Certificate-Upload_Karl-Monson	CU-86dtdq6e2_Flood-Certificate-Upload_Karl-Monson	2025-03-17T22:16:28Z	karlatascent	https://github.com/Ascent-Software-Group/ascent-ui/pull/5656	1	See PR URL
5655	CU-86dw5dfg0_AD-Allocation-Rules_Karl-Monson	CU-86dw5dfg0_AD-Allocation-Rules_Karl-Monson	2025-03-17T21:39:33Z	karlatascent	https://github.com/Ascent-Software-Group/ascent-ui/pull/5655	0	See PR URL
5654	CU-86dw892uq_Veterans---Opteon-Orders-Bug_Karl-Monson	CU-86dw892uq_Veterans---Opteon-Orders-Bug_Karl-Monson	2025-03-17T17:12:04Z	karlatascent	https://github.com/Ascent-Software-Group/ascent-ui/pull/5654	1	See PR URL
5657	fix: add value acceptance + pdr to upd products	CU-86dw7rdd3_FreedomXpanse-Testing-Phase-2_Nick-Forshee	2025-03-17T15:18:50Z	Nick-Forshee-Ascent	https://github.com/Ascent-Software-Group/ascent-ui/pull/5657	2	See PR URL
5652	CU-86dw78p8w_Appraisal-Coordinators-unable-to-enter-disclosed-amount_Karl-Monson	CU-86dw78p8w_Appraisal-Coordinators-unable-to-enter-disclosed-amount_Karl-Monson	2025-03-13T17:41:01Z	karlatascent	https://github.com/Ascent-Software-Group/ascent-ui/pull/5652	0	See PR URL
5649	fix: only allow appraisalport to use fee mod requests	CU-86dvw3jw9_PennyMac-Appraisal-Port-API-changes-and-Testing_Nick-Forshee_final	2025-03-12T17:41:23Z	Nick-Forshee-Ascent	https://github.com/Ascent-Software-Group/ascent-ui/pull/5649	0	See PR URL
5642	feat: allow xpanse integration setup with fee mod req	CU-86dw6ujre_FreedomXpanse-Testing-Phase-Missing-Elements_Nick-Forshee	2025-03-12T16:01:09Z	Nick-Forshee-Ascent	https://github.com/Ascent-Software-Group/ascent-ui/pull/5642	1	See PR URL
5647	fix/rov_settings_import	fix/rov_settings_import	2025-03-11T22:05:53Z	karlatascent	https://github.com/Ascent-Software-Group/ascent-ui/pull/5647	0	See PR URL
5640	feat/document_library_updates	feat/document_library_updates	2025-03-11T21:50:30Z	karlatascent	https://github.com/Ascent-Software-Group/ascent-ui/pull/5640	0	See PR URL
5635	feat: allow choosing of processor	CU-86dw5u15r_EPC-cannot-place-order-under-other-names_Nick-Forshee	2025-03-11T15:53:44Z	Nick-Forshee-Ascent	https://github.com/Ascent-Software-Group/ascent-ui/pull/5635	1	See PR URL
5638	feat: allow setting mod request details on appraisalport	CU-86dvw3jw9_PennyMac-Appraisal-Port-API-changes-and-Testing_Nick-Forshee_modrequest	2025-03-10T16:18:44Z	Nick-Forshee-Ascent	https://github.com/Ascent-Software-Group/ascent-ui/pull/5638	1	See PR URL
5622	chore: remove qc settings stuff	CU-86dvht5vw_Turn-off-QC-Settings-in-UI_Dustin-Taylor	2025-03-06T21:57:48Z	dustingtaylor	https://github.com/Ascent-Software-Group/ascent-ui/pull/5622	0	See PR URL
5633	fix: get localOrder copy to send in requests just in case they change orders during async function	CU-86dvzfugr_Orders-moved-to-accepted_Nick-Forshee	2025-03-05T17:33:41Z	Nick-Forshee-Ascent	https://github.com/Ascent-Software-Group/ascent-ui/pull/5633	1	See PR URL
5631	chore: add route meta type to query parameter	CU-86dw1w065_Borrower-ROV-Disclosures-added-to-Borrower-Delivery_Nick-Forshee	2025-02-27T20:28:26Z	Nick-Forshee-Ascent	https://github.com/Ascent-Software-Group/ascent-ui/pull/5631	0	See PR URL
5628	feat: new jarobot action to send a file type to client	CU-86dw3y5qu_ROV-Disclosure-not-being-received-by-lender_Nick-Forshee	2025-02-27T16:55:27Z	Nick-Forshee-Ascent	https://github.com/Ascent-Software-Group/ascent-ui/pull/5628	2	See PR URL
5626	fix: typescript errors	fix/ts	2025-02-26T16:12:27Z	Nick-Forshee-Ascent	https://github.com/Ascent-Software-Group/ascent-ui/pull/5626	0	See PR URL
5623	ai summary upgrade, update and send extended data, upgrade quality PDF	feat/roll-out-ai	2025-02-26T15:36:51Z	gborcherds	https://github.com/Ascent-Software-Group/ascent-ui/pull/5623	0	See PR URL
5616	fix: use 8 days so that the calendar day lookup approximately matches from backend	CU-86dw1bht6_Security-lock-still-active-after-7-days_Nick-Forshee	2025-02-19T23:18:44Z	Nick-Forshee-Ascent	https://github.com/Ascent-Software-Group/ascent-ui/pull/5616	1	See PR URL
5617	chore: more filters	CU-86dw035dk_Add-black-arrow-to-dashboard_Nick-Forshee	2025-02-19T23:18:23Z	Nick-Forshee-Ascent	https://github.com/Ascent-Software-Group/ascent-ui/pull/5617	2	See PR URL
5611	fix: don't show payment failed button if order is paid in full	CU-86dw04wwp_remove-system-message-AMS_Nick-Forshee	2025-02-14T22:37:04Z	Nick-Forshee-Ascent	https://github.com/Ascent-Software-Group/ascent-ui/pull/5611	0	See PR URL
5613	fix: only do it if a confirmation	fix/confirm	2025-02-14T19:20:02Z	Nick-Forshee-Ascent	https://github.com/Ascent-Software-Group/ascent-ui/pull/5613	0	See PR URL
5607	feat: add ability for support to unlock appraiser profiles	CU-86dw04cp5_Appraiser-profile-changes_Nick-Forshee	2025-02-14T18:57:23Z	Nick-Forshee-Ascent	https://github.com/Ascent-Software-Group/ascent-ui/pull/5607	3	See PR URL
5608	fix: linting errors	fix_linting_errors	2025-02-14T18:35:12Z	biesiad	https://github.com/Ascent-Software-Group/ascent-ui/pull/5608	0	See PR URL
5604	chore: remove assignment map and components	CU-86dvhtd51_Remove-mapassignment-feature_Dustin-Taylor	2025-02-14T18:24:08Z	dustingtaylor	https://github.com/Ascent-Software-Group/ascent-ui/pull/5604	0	See PR URL
5605	feat: add new vendor settings view	CU-86dvvwzxt_Vendor-Settings-Page-migrationrewrite_Grzegorz-Biesiadecki	2025-02-14T18:06:03Z	biesiad	https://github.com/Ascent-Software-Group/ascent-ui/pull/5605	3	See PR URL
5606	feat: add appraisalvision to available form pull	CU-86dw01ama_mapping-AppraisalVision-forms--Appraisal-Links_Nick-Forshee	2025-02-14T17:13:23Z	Nick-Forshee-Ascent	https://github.com/Ascent-Software-Group/ascent-ui/pull/5606	3	See PR URL
5586	feat: add select to bpo image upload component	add_select_to_bpo_image_upload	2025-02-14T14:25:34Z	biesiad	https://github.com/Ascent-Software-Group/ascent-ui/pull/5586	1	See PR URL
5597	CU-86dvuu2gr_Allocation-Rules---Priority-Option_Karl-Monson	CU-86dvuu2gr_Allocation-Rules---Priority-Option_Karl-Monson	2025-02-13T17:14:05Z	karlatascent	https://github.com/Ascent-Software-Group/ascent-ui/pull/5597	0	See PR URL
5601	fix: add epc as a 'direct' source	CU-86dvzq3j6_New-American-Funding-cannot-see-orders_Nick-Forshee	2025-02-13T17:11:24Z	Nick-Forshee-Ascent	https://github.com/Ascent-Software-Group/ascent-ui/pull/5601	3	See PR URL
5600	fix: make customer add note sticky so always visible	CU-86dvr2xh6_NoteComment-box-not-appearing-in-orders_Nick-Forshee	2025-02-11T23:07:06Z	Nick-Forshee-Ascent	https://github.com/Ascent-Software-Group/ascent-ui/pull/5600	3	See PR URL
5599	chore: update cache version	cache_version_update	2025-02-11T17:12:11Z	smith14james	https://github.com/Ascent-Software-Group/ascent-ui/pull/5599	0	See PR URL
5595	chore: remove test:ci in pr pipeline	remove_test_ci	2025-02-11T16:58:17Z	smith14james	https://github.com/Ascent-Software-Group/ascent-ui/pull/5595	0	See PR URL
5594	fix: change 'type' to 'allocation_target'	CU-86dvyn961_Appraisal-Links-team-rule-bug_Nick-Forshee	2025-02-10T17:58:20Z	Nick-Forshee-Ascent	https://github.com/Ascent-Software-Group/ascent-ui/pull/5594	3	See PR URL
5592	feat: update message to show pending email	CU-86dvg00yp_Client-Import-Bug_Nick-Forshee-2	2025-02-07T23:05:49Z	Nick-Forshee-Ascent	https://github.com/Ascent-Software-Group/ascent-ui/pull/5592	3	See PR URL
5587	feat: add darkmatter lender option	feat/darkmatter_ksenia	2025-02-07T00:53:15Z	ksusham	https://github.com/Ascent-Software-Group/ascent-ui/pull/5587	0	See PR URL
5590	feat: improvements to client upload including data loading circular and removing bad prop	CU-86dvg00yp_Client-Import-Bug_Nick-Forshee	2025-02-06T22:02:13Z	Nick-Forshee-Ascent	https://github.com/Ascent-Software-Group/ascent-ui/pull/5590	3	See PR URL
5570	feat: add helpers for the legacy app communication	CU-86dvvhxmu_Embed-Vue-3-views-in-Vue-2-app_Grzegorz-Biesiadecki	2025-02-06T17:43:00Z	biesiad	https://github.com/Ascent-Software-Group/ascent-ui/pull/5570	3	See PR URL
5588	fix: lambda requires a case sensitive file system	CU-86dvxukgn_AI-Create-Conditions-Error_Nick-Forshee	2025-02-06T17:40:36Z	Nick-Forshee-Ascent	https://github.com/Ascent-Software-Group/ascent-ui/pull/5588	0	See PR URL
5584	fix: retain appraisers not present in data return	CU-86dvx53xf_Jarobot-conditions-question_Nick-Forshee	2025-02-04T23:21:49Z	Nick-Forshee-Ascent	https://github.com/Ascent-Software-Group/ascent-ui/pull/5584	3	See PR URL
5581	feat: add override for FNM0096	CU-86dvwv5pc_SSR-override_Nick-Forshee	2025-02-03T23:46:49Z	Nick-Forshee-Ascent	https://github.com/Ascent-Software-Group/ascent-ui/pull/5581	2	See PR URL
5582	chore: add new unread dropdowns	CU-86dvwurc1_More-dashboards-need-dropdowns_Nick-Forshee	2025-02-03T23:43:01Z	Nick-Forshee-Ascent	https://github.com/Ascent-Software-Group/ascent-ui/pull/5582	3	See PR URL
5579	use new license record as a backup	feat/use-new-license-record	2025-02-03T21:49:52Z	gborcherds	https://github.com/Ascent-Software-Group/ascent-ui/pull/5579	0	See PR URL
5577	fix: dumb fix	fix/dumb	2025-02-03T20:20:28Z	Nick-Forshee-Ascent	https://github.com/Ascent-Software-Group/ascent-ui/pull/5577	0	See PR URL
5575	feat: add order users to order screen	CU-86du9tx3d_Mosaic-QC-Review_Nick-Forshee	2025-02-03T20:13:47Z	Nick-Forshee-Ascent	https://github.com/Ascent-Software-Group/ascent-ui/pull/5575	0	See PR URL
5573	chore: add new predefined filters to dashboard	CU-86dvw639j_Dashboard-needs-drop-down-arrows-for-unread-messages_Nick-Forshee	2025-01-31T20:25:58Z	Nick-Forshee-Ascent	https://github.com/Ascent-Software-Group/ascent-ui/pull/5573	1	See PR URL
5572	fix: add message indicating there is no email to send to	CU-86dvw5zh4_send-invoice-button-not-working_Nick-Forshee	2025-01-31T20:23:00Z	Nick-Forshee-Ascent	https://github.com/Ascent-Software-Group/ascent-ui/pull/5572	2	See PR URL
5516	Cu 86dve71zy kind lending  closing corp appraisal env change ksenia	CU-86dve71zy_Kind-Lending--Closing-Corp-Appraisal-ENV-change_ksenia	2025-01-30T21:39:54Z	ksusham	https://github.com/Ascent-Software-Group/ascent-ui/pull/5516	0	See PR URL
5568	fix: show error on front end	CU-86dvv9g8a_Appraiser-cant-add-bank-account-info-for-ACH_Nick-Forshee	2025-01-30T17:04:28Z	Nick-Forshee-Ascent	https://github.com/Ascent-Software-Group/ascent-ui/pull/5568	0	See PR URL
5566	chore: add firewall to integrations to re-open order	CU-86dvvb8bg_ESUSA-Firewall-order_Nick-Forshee	2025-01-29T19:48:03Z	Nick-Forshee-Ascent	https://github.com/Ascent-Software-Group/ascent-ui/pull/5566	3	See PR URL
5564	fix: appraiser view	fix/homevision_appraisal_view_ksenia	2025-01-29T16:57:31Z	ksusham	https://github.com/Ascent-Software-Group/ascent-ui/pull/5564	0	See PR URL
5561	feat: order based action logger	CU-86dvnhzhh_Payment-link-issuequestion_Nick-Forshee	2025-01-28T21:10:26Z	Nick-Forshee-Ascent	https://github.com/Ascent-Software-Group/ascent-ui/pull/5561	3	See PR URL
5544	allow hold without notification	feat/hold-without-notification	2025-01-28T20:37:44Z	gborcherds	https://github.com/Ascent-Software-Group/ascent-ui/pull/5544	0	See PR URL
5559	feat: allow generation of qc checklist via jarobot	CU-86dvukjcb_QC-Checklist-not-loading-AI-values_Nick-Forshee	2025-01-27T19:35:13Z	Nick-Forshee-Ascent	https://github.com/Ascent-Software-Group/ascent-ui/pull/5559	2	See PR URL
5557	fix: set the tag property to tagName as well	CU-86dvq1ddw_Tag-not-in-list-for-jarobot_Nick-Forshee	2025-01-24T17:13:31Z	Nick-Forshee-Ascent	https://github.com/Ascent-Software-Group/ascent-ui/pull/5557	3	See PR URL
5556	fix: typescript warning for unused import	fix/typescript-error	2025-01-24T16:13:48Z	Nick-Forshee-Ascent	https://github.com/Ascent-Software-Group/ascent-ui/pull/5556	0	See PR URL
5553	chore: remove unused permissions key	chore/remove-unneeded-key	2025-01-23T00:22:47Z	dustingtaylor	https://github.com/Ascent-Software-Group/ascent-ui/pull/5553	0	See PR URL
5551	fix borrower delivery for clients	fix/trigger-borrower-delivery	2025-01-22T21:53:33Z	gborcherds	https://github.com/Ascent-Software-Group/ascent-ui/pull/5551	0	See PR URL
5549	update report viewer for qc verification	feat/update-report-viewer	2025-01-22T20:45:23Z	gborcherds	https://github.com/Ascent-Software-Group/ascent-ui/pull/5549	0	See PR URL
5509	Move Quality Settings menu items to Tools	CU-86dvhx91r_Move-menu-items-to-Tools_Grzegorz-Biesiadecki	2025-01-22T19:51:48Z	biesiad	https://github.com/Ascent-Software-Group/ascent-ui/pull/5509	1	See PR URL
5547	fix: update appraiser exclusionary page to use new result set	CU-86dvqex3z_Appraiser-added-to-exclusionary-list-not-showing-up-in-Search_Dustin-Taylor	2025-01-22T19:02:08Z	dustingtaylor	https://github.com/Ascent-Software-Group/ascent-ui/pull/5547	0	See PR URL
5545	CU-86dvr1htn_Appraisers-dont-have-option-to-add-W-9_Karl-Monson	CU-86dvr1htn_Appraisers-dont-have-option-to-add-W-9_Karl-Monson	2025-01-21T20:18:25Z	karlatascent	https://github.com/Ascent-Software-Group/ascent-ui/pull/5545	0	See PR URL
5542	cleanup uw and save controllable changes	feat/cleanup-uw	2025-01-17T17:27:08Z	gborcherds	https://github.com/Ascent-Software-Group/ascent-ui/pull/5542	0	See PR URL
5540	fix: typescript	fix/typescript	2025-01-16T21:55:45Z	Nick-Forshee-Ascent	https://github.com/Ascent-Software-Group/ascent-ui/pull/5540	0	See PR URL
5538	auto parse uw request	feat/enable-parse-conditions	2025-01-16T21:49:53Z	gborcherds	https://github.com/Ascent-Software-Group/ascent-ui/pull/5538	0	See PR URL
5536	chore: removing test runner for now	remove_tests	2025-01-16T19:03:37Z	smith14james	https://github.com/Ascent-Software-Group/ascent-ui/pull/5536	0	See PR URL
5533	chore: update nvmrc to 20	chore/update-nvmrc	2025-01-16T17:55:47Z	Nick-Forshee-Ascent	https://github.com/Ascent-Software-Group/ascent-ui/pull/5533	0	See PR URL
5532	fix/openssl_error2	fix/openssl_error2	2025-01-16T17:44:33Z	karlatascent	https://github.com/Ascent-Software-Group/ascent-ui/pull/5532	0	See PR URL
5531	fix typescript tag errors	chore/fix-typescript	2025-01-16T17:44:23Z	gborcherds	https://github.com/Ascent-Software-Group/ascent-ui/pull/5531	0	See PR URL
5530	fix/openssl_error	fix/openssl_error	2025-01-16T17:34:53Z	karlatascent	https://github.com/Ascent-Software-Group/ascent-ui/pull/5530	0	See PR URL
5529	update node for deployments	chore/update-note	2025-01-16T17:27:29Z	gborcherds	https://github.com/Ascent-Software-Group/ascent-ui/pull/5529	0	See PR URL
5527	feat: refresh template button on Kit Report	feat/refresh-template	2025-01-16T16:59:06Z	Nick-Forshee-Ascent	https://github.com/Ascent-Software-Group/ascent-ui/pull/5527	0	See PR URL
5528	fix avm and turn on AI summary	feat/allow-edit-of-form	2025-01-16T16:58:26Z	gborcherds	https://github.com/Ascent-Software-Group/ascent-ui/pull/5528	0	See PR URL
5524	fix/cc_maint_error	fix/cc_maint_error	2025-01-15T18:59:01Z	karlatascent	https://github.com/Ascent-Software-Group/ascent-ui/pull/5524	0	See PR URL
5525	fix: make statuses required as it is required in db	CU-86dvn4x9x_Snippet-Code-Error_Nick-Forshee	2025-01-15T17:25:48Z	Nick-Forshee-Ascent	https://github.com/Ascent-Software-Group/ascent-ui/pull/5525	3	See PR URL
5522	feat: prevent fee updating on product change based on customer feature	CU-86dvp4mt0_Changing-form-changes-fee_Nick-Forshee	2025-01-14T22:52:25Z	Nick-Forshee-Ascent	https://github.com/Ascent-Software-Group/ascent-ui/pull/5522	1	See PR URL
5519	fix: allow to edit entry on contacts for epc	feat/epc_allow_edit_entry_ksenia	2025-01-10T17:26:49Z	ksusham	https://github.com/Ascent-Software-Group/ascent-ui/pull/5519	1	See PR URL
5520	chore: remove user type check on kit routes	chore/remove-user-check-kit-routes	2025-01-10T17:21:46Z	Nick-Forshee-Ascent	https://github.com/Ascent-Software-Group/ascent-ui/pull/5520	0	See PR URL
5517	feat: add ability to update order report config based on user setting	CU-86dvn626u_Add-KitReport-Config-Editing-Capability_Nick-Forshee	2025-01-09T19:33:32Z	Nick-Forshee-Ascent	https://github.com/Ascent-Software-Group/ascent-ui/pull/5517	0	See PR URL
5489	feat: allow mod date request approvals	CU-86dvc9d49_Due-Date-Mod-Requests_Nick-Forshee	2025-01-08T16:20:56Z	Nick-Forshee-Ascent	https://github.com/Ascent-Software-Group/ascent-ui/pull/5489	0	See PR URL
5513	fix: restrict editing/deleting based on permission as well	CU-86dvd48ft_Global-snippets-permissions-error_Nick-Forshee	2025-01-07T19:02:56Z	Nick-Forshee-Ascent	https://github.com/Ascent-Software-Group/ascent-ui/pull/5513	3	See PR URL
5510	feat: add lender option for byte with user and password	CU-86dvkzef6_Add-lender_option-for-Byte-with-User-and-Password_ksenia	2025-01-06T21:04:41Z	ksusham	https://github.com/Ascent-Software-Group/ascent-ui/pull/5510	0	See PR URL
5511	fix: typos	fix/epc_typo_ksenia	2025-01-06T16:22:08Z	ksusham	https://github.com/Ascent-Software-Group/ascent-ui/pull/5511	0	See PR URL
5506	cleanup of old office actions	feat/workflow-updates	2025-01-03T21:50:09Z	gborcherds	https://github.com/Ascent-Software-Group/ascent-ui/pull/5506	0	See PR URL
5507	fix: lender	CU-86dv96hj0_Visual-Bug-Delete-Lender-from-a-Team-_Nick-Forshee	2025-01-03T21:43:55Z	Nick-Forshee-Ascent	https://github.com/Ascent-Software-Group/ascent-ui/pull/5507	3	See PR URL
5490	chore(deps): bump nanoid from 3.2.0 to 3.3.8	dependabot/npm_and_yarn/nanoid-3.3.8	2025-01-03T20:34:36Z	dependabot[bot]	https://github.com/Ascent-Software-Group/ascent-ui/pull/5490	0	See PR URL
5504	fix: key the expansions themselves so they rerender	CU-86dvczqp2_Exclamation-point-not-showing-next-to-vendor_Nick-Forshee	2024-12-31T21:45:11Z	Nick-Forshee-Ascent	https://github.com/Ascent-Software-Group/ascent-ui/pull/5504	0	See PR URL
5503	feat: show date if exists	CU-86dvj8tzw_Appraiser-assigned-to-order-on-Exclu-List-for-Lender_Luke-Cathcart	2024-12-31T21:44:14Z	Nick-Forshee-Ascent	https://github.com/Ascent-Software-Group/ascent-ui/pull/5503	0	See PR URL
5501	feat: new JaroBot actions to mark different notes read	CU-86dvht5h2_QC-Unread-Messages-Refactor_Nick-Forshee	2024-12-30T15:56:46Z	Nick-Forshee-Ascent	https://github.com/Ascent-Software-Group/ascent-ui/pull/5501	0	See PR URL
5500	feat: add lender payment options jarobot condition	CU-86dvfa2y0_new-CheckPaymentTypethis-id_Levino-Porto	2024-12-26T23:50:03Z	LevinoMoises	https://github.com/Ascent-Software-Group/ascent-ui/pull/5500	0	See PR URL
5499	CU-86dvg354z_Log-Audit-Note_Karl-Monson	CU-86dvg354z_Log-Audit-Note_Karl-Monson	2024-12-26T21:11:22Z	karlatascent	https://github.com/Ascent-Software-Group/ascent-ui/pull/5499	0	See PR URL
5498	CU-86dvauahx_Build-QC-Assignment_Karl-Monson	CU-86dvauahx_Build-QC-Assignment_Karl-Monson	2024-12-26T21:10:55Z	karlatascent	https://github.com/Ascent-Software-Group/ascent-ui/pull/5498	0	See PR URL
5496	CU-86dveqc88_Lender-Directives-not-appearing-on-order_Karl-Monson	CU-86dveqc88_Lender-Directives-not-appearing-on-order_Karl-Monson	2024-12-17T17:37:40Z	karlatascent	https://github.com/Ascent-Software-Group/ascent-ui/pull/5496	0	See PR URL
5494	fix/office_allocate_jaro_panels	fix/office_allocate_jaro_panels	2024-12-13T22:19:12Z	karlatascent	https://github.com/Ascent-Software-Group/ascent-ui/pull/5494	1	See PR URL
5492	feat: hide/show customer credit card entry based on customer.fees column	CU-86dvd1ce2_Remove-Payment-Method-from-Billing_Nick-Forshee	2024-12-11T17:51:02Z	Nick-Forshee-Ascent	https://github.com/Ascent-Software-Group/ascent-ui/pull/5492	3	See PR URL
5471	feat: move options to integrations	CU-86dv2kp0y_Lender-option-to-submit-orders-to-Homevision_ksenia	2024-12-09T19:44:19Z	ksusham	https://github.com/Ascent-Software-Group/ascent-ui/pull/5471	1	See PR URL
5486	fix: show toggles if customer feature enabled	CU-86dvbqdbb_Unread-Process-Queue-Not-Working-Properly_Nick-Forshee	2024-12-09T18:25:54Z	Nick-Forshee-Ascent	https://github.com/Ascent-Software-Group/ascent-ui/pull/5486	0	See PR URL
5487	fix: add desk users	CU-86dvcneec_AD-admin-unable-to-see-brokerages-page_Nick-Forshee	2024-12-09T18:25:41Z	Nick-Forshee-Ascent	https://github.com/Ascent-Software-Group/ascent-ui/pull/5487	3	See PR URL
5484	feat: add vendor unread predefined filter	CU-86dv4m283_Add-Vendor-Notes-Filter-_Levino-Porto	2024-12-06T21:19:04Z	LevinoMoises	https://github.com/Ascent-Software-Group/ascent-ui/pull/5484	2	See PR URL
4337	feat/CU-86dr5pgya_Create-usage-fee-when-completing-a-report_Karl-Monson	feat/CU-86dr5pgya_Create-usage-fee-when-completing-a-report_Karl-Monson	2024-12-05T00:18:10Z	karlatascent	https://github.com/Ascent-Software-Group/ascent-ui/pull/4337	0	See PR URL
5480	fix: send order id to pull additional clients if branch is different	CU-86dvbmgjz_Cant-Add-Client-to-Auto-Copy-List_Nick-Forshee	2024-12-04T20:14:42Z	Nick-Forshee-Ascent	https://github.com/Ascent-Software-Group/ascent-ui/pull/5480	3	See PR URL
5479	feat: allow customers to set appraiser option for paying by ach or not	CU-86dvbkyxj_Appraiser-Direct-deposit_Nick-Forshee	2024-12-04T19:27:23Z	Nick-Forshee-Ascent	https://github.com/Ascent-Software-Group/ascent-ui/pull/5479	3	See PR URL
5472	feat: add requirement for at least one checkbox	CU-86dv4kh86_Add-pop-up-after-Request-ROV-button-is-clicked_Dustin-Taylor	2024-12-02T22:01:19Z	dustingtaylor	https://github.com/Ascent-Software-Group/ascent-ui/pull/5472	0	See PR URL
5478	fix/CU-86dv7kw2f_Movement-UAT-instance---Nationwide_Karl-Monson-2	fix/CU-86dv7kw2f_Movement-UAT-instance---Nationwide_Karl-Monson-2	2024-11-27T18:47:31Z	karlatascent	https://github.com/Ascent-Software-Group/ascent-ui/pull/5478	0	See PR URL
5477	fix/CU-86dv7kw2f_Movement-UAT-instance---Nationwide_Karl-Monson	fix/CU-86dv7kw2f_Movement-UAT-instance---Nationwide_Karl-Monson	2024-11-27T18:39:32Z	karlatascent	https://github.com/Ascent-Software-Group/ascent-ui/pull/5477	0	See PR URL
5475	CU-86du9am8e_Add-Ability-to-Pull-Integration-Forms-for-Vendors_Karl-Monson	CU-86du9am8e_Add-Ability-to-Pull-Integration-Forms-for-Vendors_Karl-Monson	2024-11-27T00:56:14Z	karlatascent	https://github.com/Ascent-Software-Group/ascent-ui/pull/5475	1	See PR URL
5402	chore(deps): bump elliptic from 6.5.7 to 6.6.0	dependabot/npm_and_yarn/elliptic-6.6.0	2024-11-26T15:53:20Z	dependabot[bot]	https://github.com/Ascent-Software-Group/ascent-ui/pull/5402	0	See PR URL
5473	change out qc table experience	feat/update-qc-tool	2024-11-26T15:28:20Z	gborcherds	https://github.com/Ascent-Software-Group/ascent-ui/pull/5473	0	See PR URL
5470	fix: typescript issues and prettier	make_ts_happy	2024-11-25T16:15:22Z	biesiad	https://github.com/Ascent-Software-Group/ascent-ui/pull/5470	2	See PR URL
5466	feat: allow users to submit order to homevision if applicable	CU-86dv2knyz_Create-order-in-Homevision-when-appraiser-uploads-the-report_ksenia	2024-11-23T05:33:11Z	ksusham	https://github.com/Ascent-Software-Group/ascent-ui/pull/5466	0	See PR URL
5462	upgrade to v2 airdna api	CU-86dv5mw7c_AirDNA-API-Rework_Gareth-Borcherds	2024-11-23T04:51:40Z	gborcherds	https://github.com/Ascent-Software-Group/ascent-ui/pull/5462	0	See PR URL
5443	Feat/epc combined ksenia	feat/epc_combined_ksenia	2024-11-23T04:49:47Z	ksusham	https://github.com/Ascent-Software-Group/ascent-ui/pull/5443	1	See PR URL
5468	fix/pending-usage-fees-route	fix/pending-usage-fees-route	2024-11-22T23:59:54Z	Nick-Forshee-Ascent	https://github.com/Ascent-Software-Group/ascent-ui/pull/5468	0	See PR URL
5447	feat: add component to pay for tech fee	CU-86dv6ekbe_Create-stop-on-complete-step-on-appraiser-and-AMC-complete-step-if-usage-fee-is-not-paid-on-the-order-yet-and-usage_fee-billable_type--appraiser_Levino-Porto	2024-11-22T23:09:11Z	LevinoMoises	https://github.com/Ascent-Software-Group/ascent-ui/pull/5447	2	See PR URL
5465	CU-86dv8vfe8_Ability-to-see-the-submission-process-when-return-to-lender-is-clicked-at-end-of-QC-Review-process_Karl-Monson	CU-86dv8vfe8_Ability-to-see-the-submission-process-when-return-to-lender-is-clicked-at-end-of-QC-Review-process_Karl-Monson	2024-11-22T22:02:26Z	karlatascent	https://github.com/Ascent-Software-Group/ascent-ui/pull/5465	0	See PR URL
5464	fix/bring-borrower-rov-stuff-to-ui	fix/bring-borrower-rov-stuff-to-ui	2024-11-22T18:02:14Z	Nick-Forshee-Ascent	https://github.com/Ascent-Software-Group/ascent-ui/pull/5464	4	See PR URL
5463	Fix linter warnings	fix_linter_warnings	2024-11-21T20:31:42Z	biesiad	https://github.com/Ascent-Software-Group/ascent-ui/pull/5463	2	See PR URL
5460	fix/appraiser-settings-id	fix/appraiser-settings-id	2024-11-21T18:28:52Z	Nick-Forshee-Ascent	https://github.com/Ascent-Software-Group/ascent-ui/pull/5460	0	See PR URL
5459	fix: only show appraiser banner for ach payment contact to appraiser users	fix/banner-appraiser-profile	2024-11-21T17:23:57Z	dustingtaylor	https://github.com/Ascent-Software-Group/ascent-ui/pull/5459	0	See PR URL
5457	notify appraisers around payment profile update requirements	CU-86dv6hexd_Add-additional-verbiage-to-direct-deposit-page_Gareth-Borcherds	2024-11-21T17:11:19Z	gborcherds	https://github.com/Ascent-Software-Group/ascent-ui/pull/5457	0	See PR URL
5455	karis PIA	CU-86duxkx3e_Remove-Karis-Refund-Toggle_Gareth-Borcherds	2024-11-20T23:27:24Z	gborcherds	https://github.com/Ascent-Software-Group/ascent-ui/pull/5455	0	See PR URL
5450	CU-86dv4jc3j_List-bug-Accounting--Appraiser-Payroll--Paid_Nick-Forshee	CU-86dv4jc3j_List-bug-Accounting--Appraiser-Payroll--Paid_Nick-Forshee	2024-11-20T20:15:30Z	Nick-Forshee-Ascent	https://github.com/Ascent-Software-Group/ascent-ui/pull/5450	2	See PR URL
5453	fix/maps-api-key	fix/maps-api-key	2024-11-19T23:47:19Z	Nick-Forshee-Ascent	https://github.com/Ascent-Software-Group/ascent-ui/pull/5453	0	See PR URL
5451	CU-86dv4vm2w_Compliance-File-submission-in-Completed-Appraisal-Email_Nick-Forshee	CU-86dv4vm2w_Compliance-File-submission-in-Completed-Appraisal-Email_Nick-Forshee	2024-11-19T23:01:56Z	Nick-Forshee-Ascent	https://github.com/Ascent-Software-Group/ascent-ui/pull/5451	0	See PR URL
5448	CU-86dv4wkuv_Broadcasting-messages-inaccurate-date-and-fee_Nick-Forshee	CU-86dv4wkuv_Broadcasting-messages-inaccurate-date-and-fee_Nick-Forshee	2024-11-18T21:39:30Z	Nick-Forshee-Ascent	https://github.com/Ascent-Software-Group/ascent-ui/pull/5448	3	See PR URL
5445	CU-86dv2a8x2_Vendors-showed-staff-tag-when-not-staff_Nick-Forshee	CU-86dv2a8x2_Vendors-showed-staff-tag-when-not-staff_Nick-Forshee	2024-11-15T17:12:00Z	Nick-Forshee-Ascent	https://github.com/Ascent-Software-Group/ascent-ui/pull/5445	0	See PR URL
5440	feat/pending_payment_events	feat/pending_payment_events	2024-11-13T18:46:22Z	karlatascent	https://github.com/Ascent-Software-Group/ascent-ui/pull/5440	0	See PR URL
5441	fix/eslint_cleanup	fix/eslint_cleanup	2024-11-13T00:10:46Z	karlatascent	https://github.com/Ascent-Software-Group/ascent-ui/pull/5441	0	See PR URL
5251	Eslint to require arrow body style 	require_arrow_body_style	2024-11-12T16:09:51Z	biesiad	https://github.com/Ascent-Software-Group/ascent-ui/pull/5251	2	See PR URL
5273	chore: ignore 404 errors	ignore-404-sentry-errors	2024-11-09T01:36:21Z	LevinoMoises	https://github.com/Ascent-Software-Group/ascent-ui/pull/5273	0	See PR URL
5438	feat: add sublenders check to valuelink integration	CU-86du4q50e_Brokered-orders-in-ValueLink_Dustin-Taylor	2024-11-09T01:35:36Z	dustingtaylor	https://github.com/Ascent-Software-Group/ascent-ui/pull/5438	0	See PR URL
5432	CU-86dv1dbng_Accounting--Unpaid-Invoices-customer-says-total-number-is-wrong_Nick-Forshee	CU-86dv1dbng_Accounting--Unpaid-Invoices-customer-says-total-number-is-wrong_Nick-Forshee	2024-11-08T15:17:49Z	Nick-Forshee-Ascent	https://github.com/Ascent-Software-Group/ascent-ui/pull/5432	3	See PR URL
5434	feat/CU-86duunmcq_Disable-Movement-emails-sent-to-sales_Karl-Monson	feat/CU-86duunmcq_Disable-Movement-emails-sent-to-sales_Karl-Monson	2024-11-07T21:11:38Z	karlatascent	https://github.com/Ascent-Software-Group/ascent-ui/pull/5434	0	See PR URL
5424	feat/CU-86dv0h6ju_ROV-for-Veterans_Karl-Monson	feat/CU-86dv0h6ju_ROV-for-Veterans_Karl-Monson	2024-11-07T18:41:28Z	karlatascent	https://github.com/Ascent-Software-Group/ascent-ui/pull/5424	1	See PR URL
5426	Set files as "Prior" + file.type on backend for system files in settings table	CU-86dv48xxj_Duplicate-drop-down-not-showing-original-PDF_Nick-Forshee	2024-11-07T17:30:16Z	Nick-Forshee-Ascent	https://github.com/Ascent-Software-Group/ascent-ui/pull/5426	0	See PR URL
5429	CU-86dv0ed1j_Need-Drop-Down-Black-Arrows-for-New-Messages_Nick-Forshee-2	CU-86dv0ed1j_Need-Drop-Down-Black-Arrows-for-New-Messages_Nick-Forshee-2	2024-11-07T17:03:42Z	Nick-Forshee-Ascent	https://github.com/Ascent-Software-Group/ascent-ui/pull/5429	0	See PR URL
5425	CU-86dv0ed1j_Need-Drop-Down-Black-Arrows-for-New-Messages_Nick-Forshee	CU-86dv0ed1j_Need-Drop-Down-Black-Arrows-for-New-Messages_Nick-Forshee	2024-11-07T15:51:11Z	Nick-Forshee-Ascent	https://github.com/Ascent-Software-Group/ascent-ui/pull/5425	3	See PR URL
5422	fix/and	fix/and	2024-11-05T22:45:10Z	Nick-Forshee-Ascent	https://github.com/Ascent-Software-Group/ascent-ui/pull/5422	0	See PR URL
5420	fix/copy files bad	fix/copy-files-bad	2024-11-05T22:37:32Z	dustingtaylor	https://github.com/Ascent-Software-Group/ascent-ui/pull/5420	0	See PR URL
5414	feat/CU-86dutxg8d_Veterans-Fee-Mod-Requests_Karl-Monson	feat/CU-86dutxg8d_Veterans-Fee-Mod-Requests_Karl-Monson	2024-11-05T22:12:59Z	karlatascent	https://github.com/Ascent-Software-Group/ascent-ui/pull/5414	3	See PR URL
5417	fix: add additional file types for lender download	CU-86dv1w8df_All-files-to-be-sent-with-completed-appraisal-email_Dustin-Taylor	2024-11-05T18:06:01Z	dustingtaylor	https://github.com/Ascent-Software-Group/ascent-ui/pull/5417	0	See PR URL
5415	Cu 86dv3bm7v cannot add tag existing tags in bots levino porto	CU-86dv3bm7v_Cannot-Add-Tag-Existing-Tags-in-Bots_Levino-Porto	2024-11-04T22:07:13Z	LevinoMoises	https://github.com/Ascent-Software-Group/ascent-ui/pull/5415	0	See PR URL
5412	CU-86dv1hb9w_QC-Tool-isnt-loading-new-order_Nick-Forshee-2	CU-86dv1hb9w_QC-Tool-isnt-loading-new-order_Nick-Forshee-2	2024-11-04T17:40:05Z	Nick-Forshee-Ascent	https://github.com/Ascent-Software-Group/ascent-ui/pull/5412	0	See PR URL
5409	fix/CU-86duy653u_Request-ROV-button-on-Borrower-Dashboard_Karl-Monson	fix/CU-86duy653u_Request-ROV-button-on-Borrower-Dashboard_Karl-Monson	2024-11-01T18:35:21Z	karlatascent	https://github.com/Ascent-Software-Group/ascent-ui/pull/5409	0	See PR URL
