GitHub Pull Request Report - Merged PRs Evidence
========================================================

Repository: Ascent-Software-Group/ascent-integrations
Organization: Ascent-Software-Group
Report Generated: 2025-11-11 19:43:28 MST
Date Range: 2024-11-01 to 2025-10-31
Branch: develop

Command Executed:
gh api "repos/Ascent-Software-Group/ascent-integrations/pulls?state=closed&base=develop&per_page=100&page={page}&sort=updated&direction=desc" | jq -r '.[] | select(.merged_at != null) | select(.merged_at >= "2024-11-01T00:00:00Z" and .merged_at <= "2025-10-31T23:59:59Z") | [.number, .title, .head.ref, .merged_at, .user.login, .html_url] | @tsv'

Execution Details:
  - Timestamp: 2025-11-11 19:43:28 MST
  - Total PRs Merged: 56
  - Pages Fetched: 1
  - Pagination Required: No

========================================================
Pull Request Summary
========================================================

Note: PRs merged into develop branch indicate they passed
      required review and approval processes per branch protection rules.

Number	Title	Branch	Merged At	Author	URL	Reviewers Requested	Approval Status
428	fix: allow failures to add audit logs to orders	fix/acisky	2025-10-23T20:02:09Z	Nick-Forshee-Ascent	https://github.com/Ascent-Software-Group/ascent-integrations/pull/428	0	See PR URL
426	fix: prioritize token afterwards	fix/ordering	2025-10-16T15:52:45Z	Nick-Forshee-Ascent	https://github.com/Ascent-Software-Group/ascent-integrations/pull/426	0	See PR URL
424	fix: token and notify api	CU-86dxnwfne_APM-Branches-and-Users-via-MOX-API_Nick-Forshee	2025-10-15T21:41:38Z	Nick-Forshee-Ascent	https://github.com/Ascent-Software-Group/ascent-integrations/pull/424	0	See PR URL
422	feat: add endpoint for mox api	feat/mox-webhooks	2025-10-01T21:25:55Z	dustingtaylor	https://github.com/Ascent-Software-Group/ascent-integrations/pull/422	0	See PR URL
420	fix/clearcapital_token	fix/clearcapital_token	2025-09-16T20:32:52Z	karlatascent	https://github.com/Ascent-Software-Group/ascent-integrations/pull/420	0	See PR URL
418	fix: notify api for clear capital	feat/clear-capital-notify-api	2025-09-12T21:25:53Z	dustingtaylor	https://github.com/Ascent-Software-Group/ascent-integrations/pull/418	0	See PR URL
415	Laravel 11.46.0 Shift	shift-ci-v11.46.0	2025-09-09T19:55:25Z	dustingtaylor	https://github.com/Ascent-Software-Group/ascent-integrations/pull/415	0	See PR URL
416	feat: add completion key to request payload	CU-86dxpuuwz_exclusionary-lists-assignment-Appraisal-Links_Luke-Cathcart	2025-09-09T19:54:20Z	ltcath	https://github.com/Ascent-Software-Group/ascent-integrations/pull/416	0	See PR URL
410	fix/cc receiver format	fix/cc-receiver-format	2025-09-04T18:02:26Z	dustingtaylor	https://github.com/Ascent-Software-Group/ascent-integrations/pull/410	0	See PR URL
413	CU-86dxkvnw8_Veterans-LO-commenting-on-emails-and-having-it-post-as-note-pt-2_Karl-Monson	CU-86dxkvnw8_Veterans-LO-commenting-on-emails-and-having-it-post-as-note-pt-2_Karl-Monson	2025-09-03T22:40:34Z	karlatascent	https://github.com/Ascent-Software-Group/ascent-integrations/pull/413	0	See PR URL
409	feat: properly store raw content in plain text format from clear capital	fix/clear-capital-receiver	2025-08-15T22:15:58Z	dustingtaylor	https://github.com/Ascent-Software-Group/ascent-integrations/pull/409	0	See PR URL
407	CU 86dxcqbbr Clear Capital Integration Dustin Taylor2	CU-86dxcqbbr_Clear-Capital-Integration_Dustin-Taylor2	2025-08-15T21:57:20Z	dustingtaylor	https://github.com/Ascent-Software-Group/ascent-integrations/pull/407	0	See PR URL
405	Laravel 11.45.2 Shift	shift-ci-v11.45.2	2025-08-15T21:38:11Z	dustingtaylor	https://github.com/Ascent-Software-Group/ascent-integrations/pull/405	0	See PR URL
404	feat: clear capital integrations receiver	CU-86dxcqbbr_Clear-Capital-Integration_Dustin-Taylor	2025-08-15T21:37:12Z	dustingtaylor	https://github.com/Ascent-Software-Group/ascent-integrations/pull/404	0	See PR URL
402	feat: add appraisalportjson controller	CU-86dwvk6ct_AppraisalPort-API-Build-20-for-Modernization_Dustin-Taylor	2025-07-31T15:32:51Z	dustingtaylor	https://github.com/Ascent-Software-Group/ascent-integrations/pull/402	0	See PR URL
400	feat: add subject and sender to appraisalscope int request	feat/scope-subject	2025-07-16T16:10:02Z	dustingtaylor	https://github.com/Ascent-Software-Group/ascent-integrations/pull/400	0	See PR URL
398	feat: refactor valuepad	CU-86dx7k671_ValuePad-Refactor_Dustin-Taylor	2025-07-10T15:41:45Z	dustingtaylor	https://github.com/Ascent-Software-Group/ascent-integrations/pull/398	0	See PR URL
386	Laravel 11.45.1 Shift	shift-ci-v11.45.1	2025-06-16T20:48:14Z	dustingtaylor	https://github.com/Ascent-Software-Group/ascent-integrations/pull/386	0	See PR URL
385	feat/refactor appraisalvision	feat/refactor-appraisalvision	2025-06-16T20:47:37Z	dustingtaylor	https://github.com/Ascent-Software-Group/ascent-integrations/pull/385	0	See PR URL
387	feat/appraisalscope openai	feat/appraisalscope-openai	2025-06-16T20:47:02Z	dustingtaylor	https://github.com/Ascent-Software-Group/ascent-integrations/pull/387	0	See PR URL
394	fix: mercury-nexus	fix/mercury-nexus	2025-06-07T04:26:35Z	dustingtaylor	https://github.com/Ascent-Software-Group/ascent-integrations/pull/394	0	See PR URL
392	feat: add fix for mercury	fix/mercury-nexus-again	2025-06-06T20:23:38Z	dustingtaylor	https://github.com/Ascent-Software-Group/ascent-integrations/pull/392	0	See PR URL
388	fix: allow errorMessage through controller	fix/exclusionary-list	2025-06-06T19:25:22Z	Nick-Forshee-Ascent	https://github.com/Ascent-Software-Group/ascent-integrations/pull/388	0	See PR URL
389	chore: add logging	fix/mercury-logging	2025-06-06T19:19:48Z	dustingtaylor	https://github.com/Ascent-Software-Group/ascent-integrations/pull/389	0	See PR URL
382	feat: add action_type to integration request	feat/firewall-action-type	2025-05-15T02:53:14Z	dustingtaylor	https://github.com/Ascent-Software-Group/ascent-integrations/pull/382	0	See PR URL
380	fix: user id	CU-86dwnhbew_Payment-didnt-reflect-as-paid-on-JaroDesk-AD-Mortgage_Dustin-Taylor	2025-05-01T20:59:58Z	dustingtaylor	https://github.com/Ascent-Software-Group/ascent-integrations/pull/380	0	See PR URL
378	fix: firewall include webhook type and lender id in all int request saving	fix/firewall	2025-05-01T15:46:22Z	dustingtaylor	https://github.com/Ascent-Software-Group/ascent-integrations/pull/378	0	See PR URL
371	CU-86dwhqgnf_Error-Call-to-undefined-method-AppJobsProcessReceivedEmaildesk_Karl-Monson	CU-86dwhqgnf_Error-Call-to-undefined-method-AppJobsProcessReceivedEmaildesk_Karl-Monson	2025-04-18T21:49:17Z	karlatascent	https://github.com/Ascent-Software-Group/ascent-integrations/pull/371	0	See PR URL
369	CU-86dwhtdbt_Veterans-LO-responding-to-Notes_Karl-Monson	CU-86dwhtdbt_Veterans-LO-responding-to-Notes_Karl-Monson	2025-04-18T21:29:28Z	karlatascent	https://github.com/Ascent-Software-Group/ascent-integrations/pull/369	0	See PR URL
367	feat/entity_option_switchover	feat/entity_option_switchover	2025-04-14T20:41:57Z	karlatascent	https://github.com/Ascent-Software-Group/ascent-integrations/pull/367	0	See PR URL
365	CU-86dwez1jr_Lender-Comments-Showing-as-Internal-Comments_Karl-Monson	CU-86dwez1jr_Lender-Comments-Showing-as-Internal-Comments_Karl-Monson	2025-04-10T21:19:53Z	karlatascent	https://github.com/Ascent-Software-Group/ascent-integrations/pull/365	0	See PR URL
357	Laravel 11.44.2 Shift	shift-ci-v11.44.2	2025-03-26T17:31:48Z	dustingtaylor	https://github.com/Ascent-Software-Group/ascent-integrations/pull/357	0	See PR URL
362	fix/darkmatter_xml_cleanup	fix/darkmatter_xml_cleanup	2025-03-25T23:00:39Z	karlatascent	https://github.com/Ascent-Software-Group/ascent-integrations/pull/362	2	See PR URL
360	fix: if user is not found, don't tie note to Payment source	CU-86dwaxj1k_Appraiser-message-appeared-on-client-side_Dustin-Taylor	2025-03-25T19:08:28Z	dustingtaylor	https://github.com/Ascent-Software-Group/ascent-integrations/pull/360	0	See PR URL
358	fix/revert_allow_movement_client_responses	fix/revert_allow_movement_client_responses	2025-03-18T17:52:32Z	karlatascent	https://github.com/Ascent-Software-Group/ascent-integrations/pull/358	0	See PR URL
355	fix/allow_movement_client_responses	fix/allow_movement_client_responses	2025-03-11T18:33:50Z	karlatascent	https://github.com/Ascent-Software-Group/ascent-integrations/pull/355	0	See PR URL
354	fix: check if sourceable id empty before trying to process	CU-86dw7ah6c_IlluminateDatabaseQueryException-SQLSTATE42S22-Column-not-found-1054-Unknown-column--in-where-clause-Connection-mysql-SQL-select--from-email_logs-where----limit-1_Dustin-Taylor	2025-03-11T18:02:50Z	dustingtaylor	https://github.com/Ascent-Software-Group/ascent-integrations/pull/354	0	See PR URL
352	fix: strip bad characters from FROM name	CU-86dw7a9z9_ErrorException-preg_split-Unknown-modifier-o_Dustin-Taylor	2025-03-11T17:55:35Z	dustingtaylor	https://github.com/Ascent-Software-Group/ascent-integrations/pull/352	0	See PR URL
348	fix: remove handle method from constructor so it doesn't run twice	CU-86dw1jpvg_AD-email-notifications_Nick-Forshee	2025-02-20T21:54:19Z	Nick-Forshee-Ascent	https://github.com/Ascent-Software-Group/ascent-integrations/pull/348	1	See PR URL
343	Laravel 11.42.1 Shift	shift-ci-v11.42.1	2025-02-13T17:08:57Z	dustingtaylor	https://github.com/Ascent-Software-Group/ascent-integrations/pull/343	0	See PR URL
340	feat: add labeler to github workflow	add_label_job	2025-02-13T17:08:13Z	smith14james	https://github.com/Ascent-Software-Group/ascent-integrations/pull/340	0	See PR URL
336	Feat/darkmatter ksenia	feat/darkmatter_ksenia	2025-02-13T17:06:50Z	ksusham	https://github.com/Ascent-Software-Group/ascent-integrations/pull/336	1	See PR URL
341	chore: update cache version	update_cache_version	2025-02-11T17:16:42Z	smith14james	https://github.com/Ascent-Software-Group/ascent-integrations/pull/341	0	See PR URL
338	fix: add extension	fix/byte_add_extension-ksenia	2025-02-10T17:18:46Z	ksusham	https://github.com/Ascent-Software-Group/ascent-integrations/pull/338	1	See PR URL
333	Laravel 11.x Shift	shift-139105	2025-02-07T23:46:33Z	karlatascent	https://github.com/Ascent-Software-Group/ascent-integrations/pull/333	1	See PR URL
334	chore: remove hard coded logic as it looks like they have fixed	chore/remove-hard-code	2025-02-05T23:02:59Z	Nick-Forshee-Ascent	https://github.com/Ascent-Software-Group/ascent-integrations/pull/334	4	See PR URL
331	Laravel 10.x Shift	shift-139091	2025-02-04T23:53:53Z	dustingtaylor	https://github.com/Ascent-Software-Group/ascent-integrations/pull/331	0	See PR URL
324	feat: add byte route and controller	CU-86duw3227_ByteLink_ksenia	2025-01-30T18:49:42Z	ksusham	https://github.com/Ascent-Software-Group/ascent-integrations/pull/324	2	See PR URL
322	Laravel 9.x Shift	shift-136549	2025-01-29T22:21:22Z	dustingtaylor	https://github.com/Ascent-Software-Group/ascent-integrations/pull/322	0	See PR URL
327	fix: temp hardcode requests from esusa's lender to route correctly	fix/esusa-lender	2025-01-28T18:22:40Z	Nick-Forshee-Ascent	https://github.com/Ascent-Software-Group/ascent-integrations/pull/327	0	See PR URL
325	feat: new route to process file parsing results from lambda	feat/parse-order-files-with-ai-action	2025-01-13T18:23:10Z	Nick-Forshee-Ascent	https://github.com/Ascent-Software-Group/ascent-integrations/pull/325	0	See PR URL
320	Enlightn uplift	enlightn_uplift	2024-12-17T18:38:46Z	smith14james	https://github.com/Ascent-Software-Group/ascent-integrations/pull/320	0	See PR URL
316	feat: send integration request	CU-86dv9wnd7_Handle-webhook_ksenia	2024-12-09T19:44:30Z	ksusham	https://github.com/Ascent-Software-Group/ascent-integrations/pull/316	1	See PR URL
315	feat/CU-86dutxfwd_Veterans-LO-Communication_Karl-Monson	feat/CU-86dutxfwd_Veterans-LO-Communication_Karl-Monson	2024-12-04T18:04:24Z	karlatascent	https://github.com/Ascent-Software-Group/ascent-integrations/pull/315	0	See PR URL
317	fix: allow a validation key to be passed into the integration request	CU-86dv4m42p_Change-php-script-to-trigger-new-lambda_Nick-Forshee	2024-12-03T18:51:02Z	Nick-Forshee-Ascent	https://github.com/Ascent-Software-Group/ascent-integrations/pull/317	0	See PR URL
313	CU 86dv2knwd Create integrations receiver to process webhooks Dustin Taylor	CU-86dv2knwd_Create-integrations-receiver-to-process-webhooks_Dustin-Taylor	2024-11-01T19:47:51Z	dustingtaylor	https://github.com/Ascent-Software-Group/ascent-integrations/pull/313	0	See PR URL
