GitHub Pull Request Report - Merged PRs Evidence
========================================================

Repository: Ascent-Software-Group/auth
Organization: Ascent-Software-Group
Report Generated: 2025-11-11 19:43:28 MST
Date Range: 2024-11-01 to 2025-10-31
Branch: develop

Command Executed:
gh api "repos/Ascent-Software-Group/auth/pulls?state=closed&base=develop&per_page=100&page={page}&sort=updated&direction=desc" | jq -r '.[] | select(.merged_at != null) | select(.merged_at >= "2024-11-01T00:00:00Z" and .merged_at <= "2025-10-31T23:59:59Z") | [.number, .title, .head.ref, .merged_at, .user.login, .html_url] | @tsv'

Execution Details:
  - Timestamp: 2025-11-11 19:43:28 MST
  - Total PRs Merged: 38
  - Pages Fetched: 1
  - Pagination Required: No

========================================================
Pull Request Summary
========================================================

Note: PRs merged into develop branch indicate they passed
      required review and approval processes per branch protection rules.

Number	Title	Branch	Merged At	Author	URL	Reviewers Requested	Approval Status
118	Laravel 11.45.3 Shift	shift-ci-v11.45.3	2025-09-04T17:37:46Z	dustingtaylor	https://github.com/Ascent-Software-Group/auth/pull/118	0	See PR URL
116	feat: allow Passport to generate tokens including the jarokit-webhooks scope	feat/allow_jarokit_webhooks_scope	2025-08-26T16:58:58Z	Nick-Forshee-Ascent	https://github.com/Ascent-Software-Group/auth/pull/116	0	See PR URL
114	fix/demo_db	fix/demo_db	2025-08-14T18:51:52Z	karlatascent	https://github.com/Ascent-Software-Group/auth/pull/114	0	See PR URL
111	feat: store carbon copy list sepearately in integration requests per loan number	CU-86dxg4pe4_Fix-auto-assignment-of-account-executives-for-orders-with-branches-in-other-branches_Nick-Forshee	2025-08-12T17:42:07Z	Nick-Forshee-Ascent	https://github.com/Ascent-Software-Group/auth/pull/111	0	See PR URL
110	feat: log jaro lender name	feat/logging	2025-07-29T18:57:12Z	Nick-Forshee-Ascent	https://github.com/Ascent-Software-Group/auth/pull/110	0	See PR URL
109	feat: send LenderName as jaro_lender_name	feat/lender_name	2025-07-29T18:55:04Z	Nick-Forshee-Ascent	https://github.com/Ascent-Software-Group/auth/pull/109	0	See PR URL
108	feat: log each cookie that ADMortgage passes	feat/add_cookie_logging	2025-07-28T21:01:10Z	Nick-Forshee-Ascent	https://github.com/Ascent-Software-Group/auth/pull/108	0	See PR URL
107	Revert "feat: send jaro lender name to api (#106)"	fix/revert	2025-07-25T19:35:44Z	Nick-Forshee-Ascent	https://github.com/Ascent-Software-Group/auth/pull/107	0	See PR URL
106	feat: send jaro lender name to api	feat/send_jaro_lender_name	2025-07-25T17:23:55Z	Nick-Forshee-Ascent	https://github.com/Ascent-Software-Group/auth/pull/106	0	See PR URL
105	fix: type error	fix/typeerror	2025-07-22T20:04:02Z	Nick-Forshee-Ascent	https://github.com/Ascent-Software-Group/auth/pull/105	0	See PR URL
104	fix: the data comes from the AppraisalOrder cookie, not the Jaro_Authorization cookie	fix/use_correct_cookie	2025-07-22T19:56:17Z	Nick-Forshee-Ascent	https://github.com/Ascent-Software-Group/auth/pull/104	0	See PR URL
103	fix: they send as Email, FirstName, and LastName	fix/payload	2025-07-16T20:46:51Z	Nick-Forshee-Ascent	https://github.com/Ascent-Software-Group/auth/pull/103	0	See PR URL
102	feat: add participants from given account executives on orders	CU-86dwkjmbb_AD-Account-Executive-Assignment_Nick-Forshee	2025-07-07T19:43:41Z	Nick-Forshee-Ascent	https://github.com/Ascent-Software-Group/auth/pull/102	0	See PR URL
101	chore: add debug to see what payload is being sent	chore/add-debug	2025-07-01T21:55:10Z	Nick-Forshee-Ascent	https://github.com/Ascent-Software-Group/auth/pull/101	0	See PR URL
100	fix/adm_property_type	fix/adm_property_type	2025-06-09T20:40:57Z	karlatascent	https://github.com/Ascent-Software-Group/auth/pull/100	0	See PR URL
99	fix/adm_prefill_forms	fix/adm_prefill_forms	2025-06-09T19:53:44Z	karlatascent	https://github.com/Ascent-Software-Group/auth/pull/99	0	See PR URL
98	fix: a&d order mapping	CU-86dwzjvw6_AD-AppraisalOrder-Cookie-New-order-page-is-not-prefilled-Options-missing_Dustin-Taylor	2025-06-09T16:46:48Z	dustingtaylor	https://github.com/Ascent-Software-Group/auth/pull/98	0	See PR URL
96	fix/lender_loan_number	fix/lender_loan_number	2025-05-30T15:30:20Z	karlatascent	https://github.com/Ascent-Software-Group/auth/pull/96	0	See PR URL
94	CU-86dwj3p8c_Prefill-order-form-with-information-from-AD_Karl-Monson	CU-86dwj3p8c_Prefill-order-form-with-information-from-AD_Karl-Monson	2025-05-07T23:03:39Z	karlatascent	https://github.com/Ascent-Software-Group/auth/pull/94	0	See PR URL
92	CU-86dwj3nyt_AD-create-routing_Karl-Monson	CU-86dwj3nyt_AD-create-routing_Karl-Monson	2025-05-07T20:42:36Z	karlatascent	https://github.com/Ascent-Software-Group/auth/pull/92	0	See PR URL
86	fix/ad_lender_option	fix/ad_lender_option	2025-04-15T15:50:57Z	karlatascent	https://github.com/Ascent-Software-Group/auth/pull/86	0	See PR URL
59	feat/admortgage_integration	feat/admortgage_integration	2025-04-02T19:59:04Z	karlatascent	https://github.com/Ascent-Software-Group/auth/pull/59	0	See PR URL
84	Laravel 11.44.2 Shift	shift-ci-v11.44.2	2025-03-26T17:31:55Z	dustingtaylor	https://github.com/Ascent-Software-Group/auth/pull/84	0	See PR URL
80	fix/enable_broadcasting2	fix/enable_broadcasting2	2025-02-21T21:25:33Z	karlatascent	https://github.com/Ascent-Software-Group/auth/pull/80	0	See PR URL
79	fix/enable_broadcasting	fix/enable_broadcasting	2025-02-21T21:23:23Z	karlatascent	https://github.com/Ascent-Software-Group/auth/pull/79	0	See PR URL
73	Laravel 11.42.1 Shift	shift-ci-v11.42.1	2025-02-13T23:11:37Z	dustingtaylor	https://github.com/Ascent-Software-Group/auth/pull/73	0	See PR URL
74	CU-86dvzv5ry_Vendor-Profile-Security_Karl-Monson	CU-86dvzv5ry_Vendor-Profile-Security_Karl-Monson	2025-02-13T23:10:42Z	karlatascent	https://github.com/Ascent-Software-Group/auth/pull/74	0	See PR URL
70	chore: revert composer.lock change from gitignore	chore/revert-gitignore	2025-02-07T17:07:56Z	Nick-Forshee-Ascent	https://github.com/Ascent-Software-Group/auth/pull/70	0	See PR URL
68	chore: remove composer.lock from git tracking, add .env.demo and composer.lock to gitignore	chore/gitignore	2025-02-05T17:46:50Z	Nick-Forshee-Ascent	https://github.com/Ascent-Software-Group/auth/pull/68	0	See PR URL
66	chore: update demo auth vapor.yml to new db	chore/update-vapor-demo-db	2025-02-05T17:27:15Z	Nick-Forshee-Ascent	https://github.com/Ascent-Software-Group/auth/pull/66	0	See PR URL
64	Laravel 11.41.3 Shift	shift-ci-v11.41.3	2025-02-05T00:08:59Z	dustingtaylor	https://github.com/Ascent-Software-Group/auth/pull/64	0	See PR URL
54	Laravel 11.x Shift	shift-136953	2025-01-29T20:55:02Z	dustingtaylor	https://github.com/Ascent-Software-Group/auth/pull/54	1	See PR URL
61	Laravel 10.48.27 Shift	shift-ci-v10.48.27	2025-01-29T19:07:53Z	dustingtaylor	https://github.com/Ascent-Software-Group/auth/pull/61	0	See PR URL
58	feat/limit_appraiser_profile_changes	feat/limit_appraiser_profile_changes	2025-01-23T21:18:05Z	karlatascent	https://github.com/Ascent-Software-Group/auth/pull/58	1	See PR URL
56	fix/password_hashing	fix/password_hashing	2025-01-08T16:37:59Z	karlatascent	https://github.com/Ascent-Software-Group/auth/pull/56	1	See PR URL
55	fix/override_client_model	fix/override_client_model	2025-01-08T01:58:38Z	karlatascent	https://github.com/Ascent-Software-Group/auth/pull/55	0	See PR URL
53	Laravel 10.x Shift	shift-136548	2025-01-08T00:07:58Z	dustingtaylor	https://github.com/Ascent-Software-Group/auth/pull/53	0	See PR URL
51	feat: add nick, corinne and nichole to siense support login sso	feat/add-sisense-users	2024-11-21T17:03:43Z	dustingtaylor	https://github.com/Ascent-Software-Group/auth/pull/51	0	See PR URL
