GitHub Pull Request Report - Merged PRs Evidence
========================================================

Repository: Ascent-Software-Group/docs
Organization: Ascent-Software-Group
Report Generated: 2025-11-11 19:43:28 MST
Date Range: 2024-11-01 to 2025-10-31
Branch: develop

Command Executed:
gh api "repos/Ascent-Software-Group/docs/pulls?state=closed&base=develop&per_page=100&page={page}&sort=updated&direction=desc" | jq -r '.[] | select(.merged_at != null) | select(.merged_at >= "2024-11-01T00:00:00Z" and .merged_at <= "2025-10-31T23:59:59Z") | [.number, .title, .head.ref, .merged_at, .user.login, .html_url] | @tsv'

Execution Details:
  - Timestamp: 2025-11-11 19:43:28 MST
  - Total PRs Merged: 15
  - Pages Fetched: 1
  - Pagination Required: No

========================================================
Pull Request Summary
========================================================

Note: PRs merged into develop branch indicate they passed
      required review and approval processes per branch protection rules.

Number	Title	Branch	Merged At	Author	URL	Reviewers Requested	Approval Status
125	feat: pull docs from public s3 bucket	feat/docs	2025-05-19T23:01:11Z	Nick-Forshee-Ascent	https://github.com/Ascent-Software-Group/docs/pull/125	0	See PR URL
123	fix/lenderapi_forms_total	fix/lenderapi_forms_total	2025-05-16T21:05:38Z	karlatascent	https://github.com/Ascent-Software-Group/docs/pull/123	0	See PR URL
121	fix/lenderapi_order_forms_total	fix/lenderapi_order_forms_total	2025-05-16T20:38:28Z	karlatascent	https://github.com/Ascent-Software-Group/docs/pull/121	0	See PR URL
119	feat/lenderapi_order_update	feat/lenderapi_order_update	2025-05-15T21:11:49Z	karlatascent	https://github.com/Ascent-Software-Group/docs/pull/119	0	See PR URL
117	CU-86dwt3mq7_Movement-Blue-Sage-Updates_Karl-Monson	CU-86dwt3mq7_Movement-Blue-Sage-Updates_Karl-Monson	2025-05-15T18:20:56Z	karlatascent	https://github.com/Ascent-Software-Group/docs/pull/117	0	See PR URL
115	feat: update documentation to match new client_id and client_name changes	feat/update-docs	2025-05-15T02:18:59Z	Nick-Forshee-Ascent	https://github.com/Ascent-Software-Group/docs/pull/115	0	See PR URL
113	feat: vendor list	feat/new-docs	2025-05-09T19:11:16Z	Nick-Forshee-Ascent	https://github.com/Ascent-Software-Group/docs/pull/113	0	See PR URL
111	feat: get vendors added to lender api:	feat/get-vendors	2025-05-09T18:53:10Z	Nick-Forshee-Ascent	https://github.com/Ascent-Software-Group/docs/pull/111	0	See PR URL
109	CU-86dwetk33_Outstanding-Blue-Sage-Requests_Karl-Monson	CU-86dwetk33_Outstanding-Blue-Sage-Requests_Karl-Monson	2025-04-17T15:17:08Z	karlatascent	https://github.com/Ascent-Software-Group/docs/pull/109	1	See PR URL
107	fix/gh_actions_cache	fix/gh_actions_cache	2025-03-07T16:38:09Z	karlatascent	https://github.com/Ascent-Software-Group/docs/pull/107	0	See PR URL
105	fix/docs_update_shared_get_files	fix/docs_update_shared_get_files	2025-03-07T05:33:20Z	karlatascent	https://github.com/Ascent-Software-Group/docs/pull/105	0	See PR URL
103	CU-86dvvt8tp_Veterans---Cancellation-Notifications_Karl-Monson	CU-86dvvt8tp_Veterans---Cancellation-Notifications_Karl-Monson	2025-02-27T23:39:52Z	karlatascent	https://github.com/Ascent-Software-Group/docs/pull/103	0	See PR URL
101	CU-86duw3cyu_BlueSage-LOS_Karl-Monson-2	CU-86duw3cyu_BlueSage-LOS_Karl-Monson-2	2025-02-20T18:39:38Z	karlatascent	https://github.com/Ascent-Software-Group/docs/pull/101	1	See PR URL
99	CU-86dvxde1c_New-Allocated-AMC-endpoint_Karl-Monson-2	CU-86dvxde1c_New-Allocated-AMC-endpoint_Karl-Monson-2	2025-02-07T19:19:34Z	karlatascent	https://github.com/Ascent-Software-Group/docs/pull/99	0	See PR URL
97	feat/lenderapi_updates	feat/lenderapi_updates	2025-02-07T00:40:29Z	karlatascent	https://github.com/Ascent-Software-Group/docs/pull/97	0	See PR URL
