GitHub Pull Request Report - Merged PRs Evidence
========================================================

Repository: Ascent-Software-Group/jaro-settings
Organization: Ascent-Software-Group
Report Generated: 2025-11-11 19:43:28 MST
Date Range: 2024-11-01 to 2025-10-31
Branch: develop

Command Executed:
gh api "repos/Ascent-Software-Group/jaro-settings/pulls?state=closed&base=develop&per_page=100&page={page}&sort=updated&direction=desc" | jq -r '.[] | select(.merged_at != null) | select(.merged_at >= "2024-11-01T00:00:00Z" and .merged_at <= "2025-10-31T23:59:59Z") | [.number, .title, .head.ref, .merged_at, .user.login, .html_url] | @tsv'

Execution Details:
  - Timestamp: 2025-11-11 19:43:28 MST
  - Total PRs Merged: 126
  - Pages Fetched: 2
  - Pagination Required: Yes

========================================================
Pull Request Summary
========================================================

Note: PRs merged into develop branch indicate they passed
      required review and approval processes per branch protection rules.

Number	Title	Branch	Merged At	Author	URL	Reviewers Requested	Approval Status
459	chore: bump dynamic form to 1.8.43	chore/bump_npm_package	2025-10-28T21:30:31Z	Nick-Forshee-Ascent	https://github.com/Ascent-Software-Group/jaro-settings/pull/459	0	See PR URL
457	chore/dynamic_form_42	chore/dynamic_form_42	2025-10-28T01:03:21Z	karlatascent	https://github.com/Ascent-Software-Group/jaro-settings/pull/457	0	See PR URL
455	simplified ordering setup and form fixes	fix/forms-settings	2025-10-27T23:35:26Z	gborcherds	https://github.com/Ascent-Software-Group/jaro-settings/pull/455	0	See PR URL
451	fix/simple_product_validation	fix/simple_product_validation	2025-10-14T17:53:46Z	karlatascent	https://github.com/Ascent-Software-Group/jaro-settings/pull/451	0	See PR URL
449	feat(dictionary): add dynamic form for order dictionary field creation	feature/add-order-dictionary-field-creation	2025-10-09T20:15:28Z	Nick-Forshee-Ascent	https://github.com/Ascent-Software-Group/jaro-settings/pull/449	0	See PR URL
448	feat: enhance error handling	feat/enhance-error-handling	2025-10-07T21:16:11Z	LevinoMoises	https://github.com/Ascent-Software-Group/jaro-settings/pull/448	0	See PR URL
447	fix: define type for scheduleDetail	fix/broken-build	2025-10-07T20:51:22Z	LevinoMoises	https://github.com/Ascent-Software-Group/jaro-settings/pull/447	0	See PR URL
445	fix: use correct elements	CU-86dxp08na_Sisense-Schedule-Settings-issue_Levino-Porto	2025-10-07T20:41:29Z	LevinoMoises	https://github.com/Ascent-Software-Group/jaro-settings/pull/445	1	See PR URL
442	feat: add missing permissions	CU-86dxuz018_User-permissions-for-workflow-site_Levino-Porto	2025-09-25T19:25:17Z	LevinoMoises	https://github.com/Ascent-Software-Group/jaro-settings/pull/442	1	See PR URL
440	CU-86dxukup0_Specialized-products-dropdown-APM_Karl-Monson	CU-86dxukup0_Specialized-products-dropdown-APM_Karl-Monson	2025-09-24T22:52:04Z	karlatascent	https://github.com/Ascent-Software-Group/jaro-settings/pull/440	0	See PR URL
438	feat: fix snippet form dialog	CU-86dxrxzjt_Snippets-Error_Levino-Porto	2025-09-24T16:22:29Z	LevinoMoises	https://github.com/Ascent-Software-Group/jaro-settings/pull/438	0	See PR URL
435	feat: export/import of workflow from file or existing export	feat/workflow_import_export	2025-09-17T17:47:18Z	Nick-Forshee-Ascent	https://github.com/Ascent-Software-Group/jaro-settings/pull/435	0	See PR URL
434	chore: update froala license key	chore/froala-upgrade	2025-09-12T14:15:56Z	dustingtaylor	https://github.com/Ascent-Software-Group/jaro-settings/pull/434	0	See PR URL
432	fix: always check permissions	CU-86dxaj8xj_All-users-able-to-access-quality-settings-in-Settings-site-Opteon-AMC_Levino-Porto	2025-09-09T20:51:41Z	LevinoMoises	https://github.com/Ascent-Software-Group/jaro-settings/pull/432	0	See PR URL
430	fix: revert to order events	fix/order-events	2025-09-09T03:51:22Z	dustingtaylor	https://github.com/Ascent-Software-Group/jaro-settings/pull/430	0	See PR URL
426	feat: migrate order directives from Vue 2 to Vue 3	feat/customer-order-directives	2025-09-04T17:46:53Z	gborcherds	https://github.com/Ascent-Software-Group/jaro-settings/pull/426	0	See PR URL
428	hide kit form config if not a kit customer	feat/hide-form-config-menu	2025-09-04T17:46:32Z	gborcherds	https://github.com/Ascent-Software-Group/jaro-settings/pull/428	0	See PR URL
420	feat: migrate forms functionality from vue 2 to vue 3	feature/forms-migration-vue3	2025-09-04T17:46:18Z	gborcherds	https://github.com/Ascent-Software-Group/jaro-settings/pull/420	0	See PR URL
423	feat: migrate Snippets functionality from Vue2 to Vue3	feat/migrate-snippets	2025-09-04T17:45:49Z	gborcherds	https://github.com/Ascent-Software-Group/jaro-settings/pull/423	0	See PR URL
424	feat: migrate Carbon Copy Email Configuration from Vue 2 to Vue 3	feat/migrate-cc-functionality	2025-09-04T17:45:42Z	gborcherds	https://github.com/Ascent-Software-Group/jaro-settings/pull/424	0	See PR URL
425	feat: migrate BlackoutDates component from jaro to jaro-settings	feat/blackout-dates	2025-09-04T17:45:35Z	gborcherds	https://github.com/Ascent-Software-Group/jaro-settings/pull/425	0	See PR URL
422	feat: implement workflow event setup system	feat/order-event-setup	2025-09-03T21:21:13Z	gborcherds	https://github.com/Ascent-Software-Group/jaro-settings/pull/422	0	See PR URL
418	feat: allow them to see the current secret values	feat/secret_value	2025-08-26T21:41:40Z	Nick-Forshee-Ascent	https://github.com/Ascent-Software-Group/jaro-settings/pull/418	0	See PR URL
416	feat: add credentials manager to settings site'	CU-86dxhkx8q_JaroKit-New-Webhooks_Nick-Forshee	2025-08-25T21:45:51Z	Nick-Forshee-Ascent	https://github.com/Ascent-Software-Group/jaro-settings/pull/416	0	See PR URL
414	feat: allow disabling prop by cando:jaro	CU-86dxd62c4_tech-feecard-on-file-discrepancies_Nick-Forshee_final	2025-08-13T18:14:28Z	Nick-Forshee-Ascent	https://github.com/Ascent-Software-Group/jaro-settings/pull/414	0	See PR URL
411	chore: bump to next dynamic form	chore/bump	2025-07-25T21:40:58Z	Nick-Forshee-Ascent	https://github.com/Ascent-Software-Group/jaro-settings/pull/411	0	See PR URL
408	feat: lock down prompts by customer feature	CU-86dx2z6fa_AAMS-QC-Questions_Nick-Forshee	2025-07-18T17:13:31Z	Nick-Forshee-Ascent	https://github.com/Ascent-Software-Group/jaro-settings/pull/408	0	See PR URL
405	CU-86dx3ydr8_APMC-Billing-Method-Change-JaroBot_Karl-Monson	CU-86dx3ydr8_APMC-Billing-Method-Change-JaroBot_Karl-Monson	2025-07-17T19:37:02Z	karlatascent	https://github.com/Ascent-Software-Group/jaro-settings/pull/405	1	See PR URL
406	chore/bump_file_upload	chore/bump_file_upload	2025-07-15T21:37:42Z	karlatascent	https://github.com/Ascent-Software-Group/jaro-settings/pull/406	0	See PR URL
401	feat: make menu visible to all	feat/make-menu-visible-to-all	2025-06-30T21:47:12Z	LevinoMoises	https://github.com/Ascent-Software-Group/jaro-settings/pull/401	0	See PR URL
399	chore: update dynamic form version	chore/dynamic-version-1.8.24	2025-06-20T16:19:56Z	LevinoMoises	https://github.com/Ascent-Software-Group/jaro-settings/pull/399	0	See PR URL
397	feat: hide Jaro actions from non ascent users	CU-86dx1dv19_Hide-Jaro-actions-to-non-ascent-users_Levino-Porto	2025-06-16T19:34:19Z	LevinoMoises	https://github.com/Ascent-Software-Group/jaro-settings/pull/397	0	See PR URL
395	feat: update dynamic form version	chore/dynamic-version-1.8.23	2025-06-13T16:24:18Z	LevinoMoises	https://github.com/Ascent-Software-Group/jaro-settings/pull/395	0	See PR URL
393	chore: update dynamic form version	chore/dynamic-version-1.8.22	2025-06-12T20:16:31Z	LevinoMoises	https://github.com/Ascent-Software-Group/jaro-settings/pull/393	0	See PR URL
390	CU-86dx05ez2_Editing-add-order-note-action-doesnt-save_Karl-Monson	CU-86dx05ez2_Editing-add-order-note-action-doesnt-save_Karl-Monson	2025-06-10T23:23:22Z	karlatascent	https://github.com/Ascent-Software-Group/jaro-settings/pull/390	0	See PR URL
388	chore: bump dynamic form to 1.8.20	chore/bump-20	2025-06-09T16:07:36Z	Nick-Forshee-Ascent	https://github.com/Ascent-Software-Group/jaro-settings/pull/388	2	See PR URL
386	chore: bump to v1.8.19	chore/bump-package	2025-06-06T22:19:44Z	Nick-Forshee-Ascent	https://github.com/Ascent-Software-Group/jaro-settings/pull/386	0	See PR URL
383	fix: only make form required if type is not file upload	CU-86dwqqpng_Bug-in-document-library-Save-button-when-editing-existing-entry_Levino-Porto	2025-06-06T21:59:49Z	LevinoMoises	https://github.com/Ascent-Software-Group/jaro-settings/pull/383	0	See PR URL
384	chore: bump dynamic form to 1.8.18	chore/bump-dynamic-form	2025-06-05T15:57:39Z	Nick-Forshee-Ascent	https://github.com/Ascent-Software-Group/jaro-settings/pull/384	0	See PR URL
381	fix: render jaro logo in footer	fix/jaro-logo	2025-06-04T00:27:06Z	Nick-Forshee-Ascent	https://github.com/Ascent-Software-Group/jaro-settings/pull/381	0	See PR URL
379	feat/prevent_method_running	feat/prevent_method_running	2025-06-02T17:43:08Z	karlatascent	https://github.com/Ascent-Software-Group/jaro-settings/pull/379	0	See PR URL
377	fix: add qc question group	CU-86dwuw4t3_unable-to-create-new-QC-questions-group_Dustin-Taylor	2025-05-29T13:37:07Z	dustingtaylor	https://github.com/Ascent-Software-Group/jaro-settings/pull/377	0	See PR URL
375	fix: able to configure jaro actions	fix/jaro-actions	2025-05-27T21:23:09Z	Nick-Forshee-Ascent	https://github.com/Ascent-Software-Group/jaro-settings/pull/375	0	See PR URL
373	fix/method_id	fix/method_id	2025-05-23T21:40:20Z	karlatascent	https://github.com/Ascent-Software-Group/jaro-settings/pull/373	0	See PR URL
371	fix: health and safety words	CU-86dwt3p3b_Bias-words-not-saving-Advanced-AMS_Dustin-Taylor	2025-05-21T14:12:22Z	dustingtaylor	https://github.com/Ascent-Software-Group/jaro-settings/pull/371	0	See PR URL
369	fix: add array key schedulecancel	CU-86dwtde19_ErrorException-Undefined-array-key-ScheduleCancel_Nick-Forshee	2025-05-16T15:09:57Z	Nick-Forshee-Ascent	https://github.com/Ascent-Software-Group/jaro-settings/pull/369	0	See PR URL
367	chore: update reassign variables to match api	chore/update-event-parsing	2025-05-13T15:22:15Z	Nick-Forshee-Ascent	https://github.com/Ascent-Software-Group/jaro-settings/pull/367	0	See PR URL
365	chore: bump dynamic form version	chore/bump-dynamic-form	2025-05-12T17:13:13Z	Nick-Forshee-Ascent	https://github.com/Ascent-Software-Group/jaro-settings/pull/365	0	See PR URL
363	chore: bump dynamic form	chore/bump-dynamic-form	2025-05-09T22:08:13Z	Nick-Forshee-Ascent	https://github.com/Ascent-Software-Group/jaro-settings/pull/363	0	See PR URL
360	fix: render file types after all promises completed	CU-86dwn1w0j_File-Type-issue_Nick-Forshee	2025-05-06T20:23:00Z	Nick-Forshee-Ascent	https://github.com/Ascent-Software-Group/jaro-settings/pull/360	2	See PR URL
358	feat: add message on removal of workflow action	feat/add-success-error-message	2025-05-02T17:52:46Z	LevinoMoises	https://github.com/Ascent-Software-Group/jaro-settings/pull/358	0	See PR URL
356	chore: bump dynamicForm version	chore/update-dynamic-form-version	2025-05-01T21:03:56Z	LevinoMoises	https://github.com/Ascent-Software-Group/jaro-settings/pull/356	0	See PR URL
354	fix: replace order type with parameter if exists	fix/order-type	2025-04-30T18:26:16Z	Nick-Forshee-Ascent	https://github.com/Ascent-Software-Group/jaro-settings/pull/354	0	See PR URL
352	change orderType param to be more specific	feat/updates-and-fixes-workflow	2025-04-30T16:36:50Z	gborcherds	https://github.com/Ascent-Software-Group/jaro-settings/pull/352	0	See PR URL
350	feat: update dynamic-form version	CU-86dwmkvgy_New-Workflow-Condition-Not-Fully-Built_Levino-Porto	2025-04-29T21:37:02Z	LevinoMoises	https://github.com/Ascent-Software-Group/jaro-settings/pull/350	0	See PR URL
324	KIT 71760: Report configuration: form configs and report templates	kit_71760_report_configuration	2025-04-29T16:30:04Z	biesiad	https://github.com/Ascent-Software-Group/jaro-settings/pull/324	1	See PR URL
344	Cu 86dwjg40v workflow allocation priority  levino porto	CU-86dwjg40v_Workflow-Allocation-priority-_Levino-Porto	2025-04-25T21:39:35Z	LevinoMoises	https://github.com/Ascent-Software-Group/jaro-settings/pull/344	0	See PR URL
347	feat/allocation_update	feat/allocation_update	2025-04-25T20:58:13Z	karlatascent	https://github.com/Ascent-Software-Group/jaro-settings/pull/347	0	See PR URL
346	feat: add draggable support for action	feat/update-action-sequence	2025-04-25T20:56:44Z	LevinoMoises	https://github.com/Ascent-Software-Group/jaro-settings/pull/346	0	See PR URL
341	fix: allow scrolling in dialog	fix/action-configuration-dialog	2025-04-25T15:42:58Z	Nick-Forshee-Ascent	https://github.com/Ascent-Software-Group/jaro-settings/pull/341	0	See PR URL
342	CU-86dwkmqkn_Veterans-Filess-sent-to-client-emails_Karl-Monson	CU-86dwkmqkn_Veterans-Filess-sent-to-client-emails_Karl-Monson	2025-04-24T21:51:22Z	karlatascent	https://github.com/Ascent-Software-Group/jaro-settings/pull/342	0	See PR URL
339	chore: bump dynamic form to 1.8.10	chore/bump_dynamic_form	2025-04-24T19:06:44Z	Nick-Forshee-Ascent	https://github.com/Ascent-Software-Group/jaro-settings/pull/339	0	See PR URL
336	more workflow upgrades and editing ability	feat/more-workflow-upgrades-methods	2025-04-24T18:57:57Z	gborcherds	https://github.com/Ascent-Software-Group/jaro-settings/pull/336	0	See PR URL
333	feat: allocation sets	CU-86dwjg40v_Workflow-Action-Assign-User-to-Order-updates_Levino-Porto	2025-04-24T08:49:23Z	LevinoMoises	https://github.com/Ascent-Software-Group/jaro-settings/pull/333	0	See PR URL
332	filter workflow actions based on config	feat/more-workflow-updates	2025-04-24T08:49:04Z	gborcherds	https://github.com/Ascent-Software-Group/jaro-settings/pull/332	0	See PR URL
334	fix: removal of unneeded code	feat/remove-old-file-types	2025-04-23T01:59:29Z	dustingtaylor	https://github.com/Ascent-Software-Group/jaro-settings/pull/334	0	See PR URL
330	jarobot upgrades for new workflow	feat/action-add-uplift	2025-04-21T19:13:16Z	gborcherds	https://github.com/Ascent-Software-Group/jaro-settings/pull/330	0	See PR URL
323	allow for default values	fix/default-values	2025-04-08T17:52:47Z	gborcherds	https://github.com/Ascent-Software-Group/jaro-settings/pull/323	0	See PR URL
325	fix: downgrade linter and apply fixes	linting	2025-04-04T17:44:36Z	biesiad	https://github.com/Ascent-Software-Group/jaro-settings/pull/325	3	See PR URL
319	feat: allow editing of dictionaries	fix/allow-editing-of-dictionaries	2025-03-27T22:44:42Z	Nick-Forshee-Ascent	https://github.com/Ascent-Software-Group/jaro-settings/pull/319	0	See PR URL
320	form builder and tester	feat/form-builder	2025-03-27T22:31:44Z	gborcherds	https://github.com/Ascent-Software-Group/jaro-settings/pull/320	0	See PR URL
316	more upgrades to dictionary	feat/continued-order-dictionary-upgrade	2025-03-26T17:13:56Z	gborcherds	https://github.com/Ascent-Software-Group/jaro-settings/pull/316	0	See PR URL
313	Clean up entity options, document library dynamic form and allow file uploads	fix/entity-options-and-new-bots	2025-03-25T00:21:52Z	gborcherds	https://github.com/Ascent-Software-Group/jaro-settings/pull/313	0	See PR URL
308	feat/document_library_updates	feat/document_library_updates	2025-03-11T21:46:16Z	karlatascent	https://github.com/Ascent-Software-Group/jaro-settings/pull/308	0	See PR URL
310	entity option update and condition engine fixes	feat/entity-options	2025-03-10T20:53:19Z	gborcherds	https://github.com/Ascent-Software-Group/jaro-settings/pull/310	0	See PR URL
306	CU-86dw54dt6_Add-Loan-Officer-and-Processor-as-recipient-for-email-in-NoteBots_Karl-Monson	CU-86dw54dt6_Add-Loan-Officer-and-Processor-as-recipient-for-email-in-NoteBots_Karl-Monson	2025-03-03T23:21:34Z	karlatascent	https://github.com/Ascent-Software-Group/jaro-settings/pull/306	0	See PR URL
304	allow questions on tags	feat/ai-settings-uplift	2025-02-25T20:58:53Z	gborcherds	https://github.com/Ascent-Software-Group/jaro-settings/pull/304	0	See PR URL
302	fix: if not accessing notebots from workflow route, need to use temp route structure	CU-86dw0925v_Cannot-edit-notebot_Nick-Forshee	2025-02-19T23:20:37Z	Nick-Forshee-Ascent	https://github.com/Ascent-Software-Group/jaro-settings/pull/302	2	See PR URL
301	chore: update cache	update_cache	2025-02-11T17:35:20Z	smith14james	https://github.com/Ascent-Software-Group/jaro-settings/pull/301	0	See PR URL
279	feat: add jarobot UI to workflows	CU-86dvmrkvu_JaroBots-UI-in-Workflow-Tool_Grzegorz-Biesiadecki	2025-02-11T15:00:41Z	biesiad	https://github.com/Ascent-Software-Group/jaro-settings/pull/279	1	See PR URL
298	feat: add user filtering	CU-86dvvh12h_Adding-Search-in-Users--Permissions-section-of-Admin-Console_Nick-Forshee	2025-01-31T23:14:06Z	Nick-Forshee-Ascent	https://github.com/Ascent-Software-Group/jaro-settings/pull/298	1	See PR URL
297	Move DynamicForm to "Shared"	CU-86dvvx67q_Copy-DynamicForm-from-Settings_Grzegorz-Biesiadecki	2025-01-31T19:43:45Z	biesiad	https://github.com/Ascent-Software-Group/jaro-settings/pull/297	2	See PR URL
296	more workflow updates	feat/more-updates	2025-01-31T17:51:59Z	gborcherds	https://github.com/Ascent-Software-Group/jaro-settings/pull/296	0	See PR URL
294	Cu 86dvumxt3 add ai prompt setup from qc questions to qc overlays in settings repo grzegorz biesiadecki	CU-86dvumxt3_Add-AI-prompt-setup-from-QC-questions-to-QC-overlays-in-settings-repo_Grzegorz-Biesiadecki	2025-01-29T23:03:01Z	biesiad	https://github.com/Ascent-Software-Group/jaro-settings/pull/294	1	See PR URL
293	workflow updates and new condition engine	feat/last-workflow-updates	2025-01-29T22:31:01Z	gborcherds	https://github.com/Ascent-Software-Group/jaro-settings/pull/293	0	See PR URL
291	fix: notebots old menu	CU-86dvtmhxy_NoteBots-page-blank_Dustin-Taylor	2025-01-23T23:44:45Z	dustingtaylor	https://github.com/Ascent-Software-Group/jaro-settings/pull/291	0	See PR URL
289	chore: remove unused key for permissions	fix/remove-permissions-key	2025-01-23T00:23:46Z	dustingtaylor	https://github.com/Ascent-Software-Group/jaro-settings/pull/289	0	See PR URL
288	cleanup ux with color definition	feat/cleanup-ux	2025-01-22T16:17:20Z	gborcherds	https://github.com/Ascent-Software-Group/jaro-settings/pull/288	0	See PR URL
287	fix kit url	fix/kit-url	2025-01-14T20:13:47Z	gborcherds	https://github.com/Ascent-Software-Group/jaro-settings/pull/287	0	See PR URL
284	fix: use updated path for redactor update	fix/redactor-new-update-path	2025-01-14T19:53:26Z	LevinoMoises	https://github.com/Ascent-Software-Group/jaro-settings/pull/284	0	See PR URL
286	allow editing of kit forms	feat/allow-editing-of-template	2025-01-14T19:52:48Z	gborcherds	https://github.com/Ascent-Software-Group/jaro-settings/pull/286	0	See PR URL
285	feat: add resultPath to dynamicselect	CU-86dvk36df_addNote_Levino-Porto	2025-01-14T19:52:39Z	LevinoMoises	https://github.com/Ascent-Software-Group/jaro-settings/pull/285	0	See PR URL
283	chore: make redactor use theme of app	chore/theme-redactor	2025-01-14T19:52:06Z	LevinoMoises	https://github.com/Ascent-Software-Group/jaro-settings/pull/283	0	See PR URL
282	feat: always use email template light theme	fix/email-light-theme	2025-01-13T20:17:30Z	LevinoMoises	https://github.com/Ascent-Software-Group/jaro-settings/pull/282	0	See PR URL
278	more workflow settings updates	feat/more-workflow-settings-and-updates	2025-01-13T17:22:37Z	gborcherds	https://github.com/Ascent-Software-Group/jaro-settings/pull/278	0	See PR URL
277	feat: add support for redactor on email template	CU-86dvhv3j8_Create-Email-Template-Repository-template_Levino-Porto	2025-01-10T00:01:54Z	LevinoMoises	https://github.com/Ascent-Software-Group/jaro-settings/pull/277	1	See PR URL
275	fix: wait for next DOM update flush	fix/check-load-on-next-render	2025-01-08T06:05:30Z	LevinoMoises	https://github.com/Ascent-Software-Group/jaro-settings/pull/275	1	See PR URL
271	feat: make Redactor work with DynamicForm	CU-86dvk36da_addCriticalComment_Grzegorz-Biesiadecki	2025-01-08T00:16:25Z	biesiad	https://github.com/Ascent-Software-Group/jaro-settings/pull/271	0	See PR URL
266	feat: add migrated files for quality lender settings	CU-86dvhx973_Lender-Settings_Levino-Porto	2025-01-07T20:41:38Z	LevinoMoises	https://github.com/Ascent-Software-Group/jaro-settings/pull/266	2	See PR URL
269	fix old nav	feat/more-workflow-settings-and-updates	2025-01-06T21:18:16Z	gborcherds	https://github.com/Ascent-Software-Group/jaro-settings/pull/269	0	See PR URL
267	more updates to settings	feat/finish-workflow	2025-01-06T17:23:38Z	gborcherds	https://github.com/Ascent-Software-Group/jaro-settings/pull/267	0	See PR URL
250	updates and forms	feat/update-forms-and-other-items	2025-01-03T21:52:48Z	gborcherds	https://github.com/Ascent-Software-Group/jaro-settings/pull/250	0	See PR URL
258	feat: make participants available for workflow	CU-86dvk36hd_addParticipants_Levino-Porto	2025-01-03T19:50:23Z	LevinoMoises	https://github.com/Ascent-Software-Group/jaro-settings/pull/258	2	See PR URL
257	feat: make sure OrderDirective returns an id	CU-86dvjb5eb_AddOrderDirective-JaroBot-Action_Grzegorz-Biesiadecki	2025-01-03T19:47:29Z	biesiad	https://github.com/Ascent-Software-Group/jaro-settings/pull/257	0	See PR URL
262	Cu 86dvhx905 conditions on prompt questions need to be enabled   forms lenders etc levino porto	CU-86dvhx905_Conditions-on-prompt-questions-need-to-be-enabled---Forms-lenders-etc_Levino-Porto	2025-01-03T19:08:33Z	LevinoMoises	https://github.com/Ascent-Software-Group/jaro-settings/pull/262	3	See PR URL
261	fix: show all items per page	CU-86dvhmwn5_admin-site-quality-questions-only-showing-10-lines_Nick-Forshee	2025-01-03T18:28:11Z	Nick-Forshee-Ascent	https://github.com/Ascent-Software-Group/jaro-settings/pull/261	3	See PR URL
259	fix: remove unused route	fix/remove-unused-route	2025-01-03T17:38:12Z	LevinoMoises	https://github.com/Ascent-Software-Group/jaro-settings/pull/259	0	See PR URL
251	CU-86dvfau4z_Assign-Roles-to-order_Karl-Monson	CU-86dvfau4z_Assign-Roles-to-order_Karl-Monson	2024-12-26T21:10:48Z	karlatascent	https://github.com/Ascent-Software-Group/jaro-settings/pull/251	0	See PR URL
249	feat: migrate QC Overlays and Settings	CU-86dvau9qr_overlays_and_settings	2024-12-26T20:45:57Z	biesiad	https://github.com/Ascent-Software-Group/jaro-settings/pull/249	1	See PR URL
246	Cu 86dvauahx build qc assignment levino porto	CU-86dvauahx_Build-QC-Assignment_Levino-Porto	2024-12-19T22:03:23Z	LevinoMoises	https://github.com/Ascent-Software-Group/jaro-settings/pull/246	0	See PR URL
243	setup workflow settings	feat/more-settings	2024-12-18T20:51:35Z	gborcherds	https://github.com/Ascent-Software-Group/jaro-settings/pull/243	0	See PR URL
247	refactor + allow switching between question types	CU-86dvau9qr_follow_up	2024-12-13T16:03:18Z	biesiad	https://github.com/Ascent-Software-Group/jaro-settings/pull/247	2	See PR URL
242	Migrate QC Questions from jaro-ui	CU-86dvau9qr_migrate_quality_questions	2024-12-09T23:31:46Z	biesiad	https://github.com/Ascent-Software-Group/jaro-settings/pull/242	1	See PR URL
239	workflow start, dark mode, dynamic form	feat/workflow-upgrade	2024-12-03T18:40:39Z	gborcherds	https://github.com/Ascent-Software-Group/jaro-settings/pull/239	0	See PR URL
237	fix/status	fix/status	2024-11-20T17:55:47Z	Nick-Forshee-Ascent	https://github.com/Ascent-Software-Group/jaro-settings/pull/237	0	See PR URL
235	fix/workflow-manager-send	fix/workflow-manager-send	2024-11-18T21:39:47Z	Nick-Forshee-Ascent	https://github.com/Ascent-Software-Group/jaro-settings/pull/235	3	See PR URL
233	fix/sync-event-variables	fix/sync-event-variables	2024-11-18T16:56:04Z	Nick-Forshee-Ascent	https://github.com/Ascent-Software-Group/jaro-settings/pull/233	0	See PR URL
228	Move Fees to jaro-settings	CU-86du5x7z4_Fees_Grzegorz-Biesiadecki	2024-11-15T15:49:00Z	biesiad	https://github.com/Ascent-Software-Group/jaro-settings/pull/228	1	See PR URL
223	Feat/html template actions	feat/html-template-actions	2024-11-14T21:47:30Z	biesiad	https://github.com/Ascent-Software-Group/jaro-settings/pull/223	1	See PR URL
229	fix/CU-86duqvqqd_Payment-Agreements-on-Pay-Page_Karl-Monson	fix/CU-86duqvqqd_Payment-Agreements-on-Pay-Page_Karl-Monson	2024-11-13T20:08:34Z	karlatascent	https://github.com/Ascent-Software-Group/jaro-settings/pull/229	0	See PR URL
226	fix: do not trigger form submit on prompt test	CU-86duvugjw_fix-test-behavior_Levino-Porto	2024-11-12T23:50:22Z	LevinoMoises	https://github.com/Ascent-Software-Group/jaro-settings/pull/226	1	See PR URL
222	feat: add tag note action support	CU-86duvugjw_note-tag_Levino-Porto	2024-11-12T23:32:20Z	LevinoMoises	https://github.com/Ascent-Software-Group/jaro-settings/pull/222	0	See PR URL
220	feat: remove flag	feat/remove-feature-flag	2024-11-08T22:13:28Z	LevinoMoises	https://github.com/Ascent-Software-Group/jaro-settings/pull/220	0	See PR URL
208	feat: html template editing	feat/html-template	2024-11-08T20:10:26Z	gborcherds	https://github.com/Ascent-Software-Group/jaro-settings/pull/208	0	See PR URL
215	feat/CU-86duqvqqd_Payment-Agreements-on-Pay-Page_Karl-Monson	feat/CU-86duqvqqd_Payment-Agreements-on-Pay-Page_Karl-Monson	2024-11-07T16:50:23Z	karlatascent	https://github.com/Ascent-Software-Group/jaro-settings/pull/215	1	See PR URL
202	feat: move authentication rules form jaro-ui	CU-86du5x7yp_Authentication-Rules_Grzegorz-Biesiadecki	2024-11-01T14:53:15Z	biesiad	https://github.com/Ascent-Software-Group/jaro-settings/pull/202	1	See PR URL
