GitHub Pull Request Report - Merged PRs Evidence
========================================================

Repository: Ascent-Software-Group/jaro-ui-vue3
Organization: Ascent-Software-Group
Report Generated: 2025-11-11 19:43:28 MST
Date Range: 2024-11-01 to 2025-10-31
Branch: develop

Command Executed:
gh api "repos/Ascent-Software-Group/jaro-ui-vue3/pulls?state=closed&base=develop&per_page=100&page={page}&sort=updated&direction=desc" | jq -r '.[] | select(.merged_at != null) | select(.merged_at >= "2024-11-01T00:00:00Z" and .merged_at <= "2025-10-31T23:59:59Z") | [.number, .title, .head.ref, .merged_at, .user.login, .html_url] | @tsv'

Execution Details:
  - Timestamp: 2025-11-11 19:43:28 MST
  - Total PRs Merged: 84
  - Pages Fetched: 1
  - Pagination Required: No

========================================================
Pull Request Summary
========================================================

Note: PRs merged into develop branch indicate they passed
      required review and approval processes per branch protection rules.

Number	Title	Branch	Merged At	Author	URL	Reviewers Requested	Approval Status
175	feat: add button and rendering logic for Get AMC allocations	feat/order-form-amc-allocation	2025-10-31T21:17:22Z	LevinoMoises	https://github.com/Ascent-Software-Group/jaro-ui-vue3/pull/175	0	See PR URL
176	fix/epc_files	fix/epc_files	2025-10-30T18:28:45Z	karlatascent	https://github.com/Ascent-Software-Group/jaro-ui-vue3/pull/176	0	See PR URL
177	feat: add new construction email to dynamic form	feat/new_construction_email	2025-10-30T00:03:39Z	Nick-Forshee-Ascent	https://github.com/Ascent-Software-Group/jaro-ui-vue3/pull/177	0	See PR URL
174	fix: reset product state after submitting new order	fix/order_form_showing_after_new_order	2025-10-29T22:38:32Z	Nick-Forshee-Ascent	https://github.com/Ascent-Software-Group/jaro-ui-vue3/pull/174	0	See PR URL
172	fix/rent_toggle	fix/rent_toggle	2025-10-29T20:43:56Z	karlatascent	https://github.com/Ascent-Software-Group/jaro-ui-vue3/pull/172	0	See PR URL
170	chore: bump dynamic form to 1.8.45	chore/bump	2025-10-29T20:32:50Z	Nick-Forshee-Ascent	https://github.com/Ascent-Software-Group/jaro-ui-vue3/pull/170	0	See PR URL
168	CU-86dy7ax97_APM-Test-Order-Feedback_Karl-Monson	CU-86dy7ax97_APM-Test-Order-Feedback_Karl-Monson	2025-10-29T16:05:25Z	karlatascent	https://github.com/Ascent-Software-Group/jaro-ui-vue3/pull/168	0	See PR URL
166	chore: bump to dynamic form 1.8.43	chore/bump_npm_package	2025-10-28T21:30:01Z	Nick-Forshee-Ascent	https://github.com/Ascent-Software-Group/jaro-ui-vue3/pull/166	0	See PR URL
164	fix/custom_data	fix/custom_data	2025-10-28T17:51:46Z	karlatascent	https://github.com/Ascent-Software-Group/jaro-ui-vue3/pull/164	0	See PR URL
162	fix/other_main_product	fix/other_main_product	2025-10-28T17:26:53Z	karlatascent	https://github.com/Ascent-Software-Group/jaro-ui-vue3/pull/162	0	See PR URL
160	chore/cleanup_logging	chore/cleanup_logging	2025-10-28T01:09:27Z	karlatascent	https://github.com/Ascent-Software-Group/jaro-ui-vue3/pull/160	0	See PR URL
159	chore/dynamic_form_42	chore/dynamic_form_42	2025-10-28T01:03:02Z	karlatascent	https://github.com/Ascent-Software-Group/jaro-ui-vue3/pull/159	0	See PR URL
158	fix/product_selector_values2	fix/product_selector_values2	2025-10-28T00:31:58Z	karlatascent	https://github.com/Ascent-Software-Group/jaro-ui-vue3/pull/158	0	See PR URL
157	fix/product_selector_values	fix/product_selector_values	2025-10-28T00:21:32Z	karlatascent	https://github.com/Ascent-Software-Group/jaro-ui-vue3/pull/157	0	See PR URL
153	dynamic order form and mapping changes	feat/dynamic-order-form-changes	2025-10-27T23:36:32Z	gborcherds	https://github.com/Ascent-Software-Group/jaro-ui-vue3/pull/153	0	See PR URL
154	CU-86dy43mcc_APM-add-DU-Case-file-and-LPA-Key_Karl-Monson	CU-86dy43mcc_APM-add-DU-Case-file-and-LPA-Key_Karl-Monson	2025-10-21T23:18:33Z	karlatascent	https://github.com/Ascent-Software-Group/jaro-ui-vue3/pull/154	0	See PR URL
151	fix/order_form_officer_filter	fix/order_form_officer_filter	2025-10-14T18:50:52Z	karlatascent	https://github.com/Ascent-Software-Group/jaro-ui-vue3/pull/151	0	See PR URL
148	CU-86dxukup0_Specialized-products-dropdown-APM_Karl-Monson	CU-86dxukup0_Specialized-products-dropdown-APM_Karl-Monson	2025-09-24T22:52:55Z	karlatascent	https://github.com/Ascent-Software-Group/jaro-ui-vue3/pull/148	0	See PR URL
146	chore/bump_package_36	chore/bump_package_36	2025-09-23T22:04:40Z	karlatascent	https://github.com/Ascent-Software-Group/jaro-ui-vue3/pull/146	0	See PR URL
144	chore/bump_dynamic_35	chore/bump_dynamic_35	2025-09-16T23:06:01Z	karlatascent	https://github.com/Ascent-Software-Group/jaro-ui-vue3/pull/144	0	See PR URL
142	Feat/order form requests	feat/order-form-requests	2025-09-15T15:36:40Z	LevinoMoises	https://github.com/Ascent-Software-Group/jaro-ui-vue3/pull/142	0	See PR URL
141	chore: remove Form values received from parent application	feat/order-form-clean-up	2025-09-11T16:10:15Z	LevinoMoises	https://github.com/Ascent-Software-Group/jaro-ui-vue3/pull/141	0	See PR URL
139	Fix/forms	fix/forms	2025-09-11T15:49:30Z	LevinoMoises	https://github.com/Ascent-Software-Group/jaro-ui-vue3/pull/139	0	See PR URL
138	fix/epc_parse	fix/epc_parse	2025-09-10T00:27:17Z	karlatascent	https://github.com/Ascent-Software-Group/jaro-ui-vue3/pull/138	0	See PR URL
137	fix/epc_order_form	fix/epc_order_form	2025-09-09T23:58:01Z	karlatascent	https://github.com/Ascent-Software-Group/jaro-ui-vue3/pull/137	0	See PR URL
130	Cu 86dxm24cr order form frontend migration levino porto	CU-86dxm24cr_Order-Form-Frontend-Migration_Levino-Porto	2025-09-09T20:53:02Z	LevinoMoises	https://github.com/Ascent-Software-Group/jaro-ui-vue3/pull/130	0	See PR URL
127	feat: update dynamic-form version for entity history	CU-86dx8qtbu_Add-dynamic-form-version-update_Levino-Porto	2025-07-21T16:08:43Z	LevinoMoises	https://github.com/Ascent-Software-Group/jaro-ui-vue3/pull/127	0	See PR URL
125	feat: pass entity options history	CU-86dx8qtbu_Add-audithistory-view-to-entity-options_Levino-Porto	2025-07-18T23:02:12Z	LevinoMoises	https://github.com/Ascent-Software-Group/jaro-ui-vue3/pull/125	0	See PR URL
123	chore/bump_file_upload	chore/bump_file_upload	2025-07-15T21:36:41Z	karlatascent	https://github.com/Ascent-Software-Group/jaro-ui-vue3/pull/123	0	See PR URL
120	chore: update dynamic form version	chore/dynamic-version-1.8.24	2025-06-20T16:16:20Z	LevinoMoises	https://github.com/Ascent-Software-Group/jaro-ui-vue3/pull/120	0	See PR URL
118	feat: update dynamic form version	chore/dynamic-version-1.8.23	2025-06-13T16:25:02Z	LevinoMoises	https://github.com/Ascent-Software-Group/jaro-ui-vue3/pull/118	0	See PR URL
116	chore: update dynamic form version	chore/dynamic-version-1.8.22	2025-06-12T20:17:54Z	LevinoMoises	https://github.com/Ascent-Software-Group/jaro-ui-vue3/pull/116	0	See PR URL
113	chore: bump dynamic form to 1.8.20	chore/bump-20	2025-06-09T16:06:06Z	Nick-Forshee-Ascent	https://github.com/Ascent-Software-Group/jaro-ui-vue3/pull/113	2	See PR URL
111	chore: bump to v1.8.19	chore/bump-package	2025-06-06T22:19:32Z	Nick-Forshee-Ascent	https://github.com/Ascent-Software-Group/jaro-ui-vue3/pull/111	0	See PR URL
109	chore: bump package to 1.8.18	chore/bump-package	2025-06-05T15:57:05Z	Nick-Forshee-Ascent	https://github.com/Ascent-Software-Group/jaro-ui-vue3/pull/109	0	See PR URL
101	fix: request new token before every route	fix/auth	2025-05-23T15:04:09Z	LevinoMoises	https://github.com/Ascent-Software-Group/jaro-ui-vue3/pull/101	0	See PR URL
89	chore: bump dynamic form to 1.8.10, add allowed hosts to vite config	chore/bump_dynamic_form	2025-04-24T18:37:09Z	Nick-Forshee-Ascent	https://github.com/Ascent-Software-Group/jaro-ui-vue3/pull/89	0	See PR URL
87	fix: change Edit Vendor to Edit Appraiser	fix/appraiser-permission	2025-04-22T22:24:46Z	LevinoMoises	https://github.com/Ascent-Software-Group/jaro-ui-vue3/pull/87	0	See PR URL
85	feat: fetch user info and add permission to entity options lender	CU-86dwjzhrt_Users-with-Unauthorized-Access_Levino-Porto	2025-04-22T22:08:04Z	LevinoMoises	https://github.com/Ascent-Software-Group/jaro-ui-vue3/pull/85	1	See PR URL
83	chore: upgrade dynamic form version	chore/bump-dynamic-form	2025-04-22T16:07:38Z	LevinoMoises	https://github.com/Ascent-Software-Group/jaro-ui-vue3/pull/83	1	See PR URL
81	feat: use v-list-group instead of second drawer	feat/v-list-group	2025-04-21T15:08:29Z	LevinoMoises	https://github.com/Ascent-Software-Group/jaro-ui-vue3/pull/81	2	See PR URL
79	Fix auth	fix_auth	2025-04-15T19:33:19Z	LevinoMoises	https://github.com/Ascent-Software-Group/jaro-ui-vue3/pull/79	0	See PR URL
77	fix/init_event_listener	fix/init_event_listener	2025-04-14T23:04:13Z	karlatascent	https://github.com/Ascent-Software-Group/jaro-ui-vue3/pull/77	0	See PR URL
75	entity options ui enhancements	feat/entity-options-view	2025-04-11T20:58:28Z	LevinoMoises	https://github.com/Ascent-Software-Group/jaro-ui-vue3/pull/75	1	See PR URL
64	feat: add base profile view to entity option	feat/default-base-profile	2025-04-08T21:42:06Z	LevinoMoises	https://github.com/Ascent-Software-Group/jaro-ui-vue3/pull/64	1	See PR URL
72	fix: sync package.json and yarn.lock	fix/package-json	2025-04-04T22:40:26Z	Nick-Forshee-Ascent	https://github.com/Ascent-Software-Group/jaro-ui-vue3/pull/72	0	See PR URL
70	chore/bump_dynamic_form	chore/bump_dynamic_form	2025-04-04T19:52:50Z	karlatascent	https://github.com/Ascent-Software-Group/jaro-ui-vue3/pull/70	0	See PR URL
69	feat: bump dynamic-form version	chore/bump-dynamic-form	2025-04-04T17:21:28Z	Nick-Forshee-Ascent	https://github.com/Ascent-Software-Group/jaro-ui-vue3/pull/69	0	See PR URL
67	Revert "chore: remove zshrc npm token (#60)"	chore/revert-npmrc-change	2025-04-04T15:27:21Z	Nick-Forshee-Ascent	https://github.com/Ascent-Software-Group/jaro-ui-vue3/pull/67	0	See PR URL
66	chore: bump version	chore/bumpversion	2025-04-03T20:48:16Z	Nick-Forshee-Ascent	https://github.com/Ascent-Software-Group/jaro-ui-vue3/pull/66	0	See PR URL
60	chore: remove zshrc npm token	chore/remove-npm-token-check	2025-04-03T19:38:15Z	Nick-Forshee-Ascent	https://github.com/Ascent-Software-Group/jaro-ui-vue3/pull/60	0	See PR URL
65	chore: bump dynamic-form version	chore/upgrade-version	2025-04-03T17:05:37Z	Nick-Forshee-Ascent	https://github.com/Ascent-Software-Group/jaro-ui-vue3/pull/65	0	See PR URL
63	chore: increment dynamic-form version	chore/increment-version	2025-04-03T15:34:47Z	Nick-Forshee-Ascent	https://github.com/Ascent-Software-Group/jaro-ui-vue3/pull/63	0	See PR URL
61	fix: add different path to support old filters	fix/dashboard-filter-select	2025-04-02T20:39:03Z	LevinoMoises	https://github.com/Ascent-Software-Group/jaro-ui-vue3/pull/61	1	See PR URL
57	Dashboard styling updates	CU-86dwd9cbz_Dashboard-styling-updates-for-Vue-3_Levino-Porto	2025-04-02T15:30:21Z	LevinoMoises	https://github.com/Ascent-Software-Group/jaro-ui-vue3/pull/57	0	See PR URL
55	fix/build_envs	fix/build_envs	2025-03-31T21:57:48Z	karlatascent	https://github.com/Ascent-Software-Group/jaro-ui-vue3/pull/55	0	See PR URL
54	chore: increment dynamic-form version	chore/increment-version	2025-03-31T19:53:22Z	Nick-Forshee-Ascent	https://github.com/Ascent-Software-Group/jaro-ui-vue3/pull/54	0	See PR URL
53	chore: bump dynamic-form	chore/bump-dynamic-form	2025-03-28T22:21:02Z	Nick-Forshee-Ascent	https://github.com/Ascent-Software-Group/jaro-ui-vue3/pull/53	0	See PR URL
52	chore: update sentry project name for prod	chore/sentry-project-name	2025-03-28T03:35:34Z	dustingtaylor	https://github.com/Ascent-Software-Group/jaro-ui-vue3/pull/52	0	See PR URL
51	fix: npm, yarn	fix/npm	2025-03-28T00:56:45Z	dustingtaylor	https://github.com/Ascent-Software-Group/jaro-ui-vue3/pull/51	0	See PR URL
50	fix/bump_dynamic_form	fix/bump_dynamic_form	2025-03-27T23:24:49Z	karlatascent	https://github.com/Ascent-Software-Group/jaro-ui-vue3/pull/50	0	See PR URL
49	fix/build_script	fix/build_script	2025-03-27T15:51:46Z	karlatascent	https://github.com/Ascent-Software-Group/jaro-ui-vue3/pull/49	0	See PR URL
48	feat/dynamic_form_package	feat/dynamic_form_package	2025-03-27T15:43:33Z	karlatascent	https://github.com/Ascent-Software-Group/jaro-ui-vue3/pull/48	0	See PR URL
46	feat: bump dynamic-form-version	feat/update-dynamic-form-version	2025-03-27T15:00:03Z	LevinoMoises	https://github.com/Ascent-Software-Group/jaro-ui-vue3/pull/46	1	See PR URL
37	feat/gh_actions	feat/gh_actions	2025-03-27T14:59:45Z	karlatascent	https://github.com/Ascent-Software-Group/jaro-ui-vue3/pull/37	0	See PR URL
45	feat: add routes for sublender and appraiser	feat/add-entity-routes	2025-03-25T14:01:22Z	LevinoMoises	https://github.com/Ascent-Software-Group/jaro-ui-vue3/pull/45	0	See PR URL
43	fix: handle new entity options format from server	fix/handle-new-format	2025-03-25T00:00:41Z	LevinoMoises	https://github.com/Ascent-Software-Group/jaro-ui-vue3/pull/43	0	See PR URL
42	fix: add default viewTeam and viewUser	fix/dashboard-first-load	2025-03-24T18:29:13Z	LevinoMoises	https://github.com/Ascent-Software-Group/jaro-ui-vue3/pull/42	0	See PR URL
41	feat: use redactor available on dynamic-form	chore/remove-redactor	2025-03-24T16:57:13Z	LevinoMoises	https://github.com/Ascent-Software-Group/jaro-ui-vue3/pull/41	0	See PR URL
40	cleanup jaro 3 for entity changes	feat/appraiser-profile-updates	2025-03-24T14:43:39Z	gborcherds	https://github.com/Ascent-Software-Group/jaro-ui-vue3/pull/40	0	See PR URL
39	feat: bump dynamic-form version	feat/use-dynamic-form	2025-03-21T19:54:01Z	LevinoMoises	https://github.com/Ascent-Software-Group/jaro-ui-vue3/pull/39	0	See PR URL
38	Feat/add dynamicform	feat/add-dynamicform	2025-03-19T11:21:55Z	LevinoMoises	https://github.com/Ascent-Software-Group/jaro-ui-vue3/pull/38	0	See PR URL
34	cleanup dynamic form and display	feat/cleanup-dynamic-form	2025-03-18T19:12:03Z	gborcherds	https://github.com/Ascent-Software-Group/jaro-ui-vue3/pull/34	0	See PR URL
18	Cu 86dvvwzxt vendor settings page migrationrewrite grzegorz biesiadecki	CU-86dvvwzxt_Vendor-Settings-Page-migrationrewrite_Grzegorz-Biesiadecki	2025-03-07T19:30:47Z	biesiad	https://github.com/Ascent-Software-Group/jaro-ui-vue3/pull/18	2	See PR URL
31	chore: clean up	chore/remove-froala-references	2025-03-07T16:27:21Z	LevinoMoises	https://github.com/Ascent-Software-Group/jaro-ui-vue3/pull/31	0	See PR URL
29	chore: clean up unused libs	chore/clean-up	2025-03-07T15:45:07Z	LevinoMoises	https://github.com/Ascent-Software-Group/jaro-ui-vue3/pull/29	0	See PR URL
27	Feature/dashboard vue3 migration	feature/dashboard_vue3_migration	2025-03-05T19:25:01Z	LevinoMoises	https://github.com/Ascent-Software-Group/jaro-ui-vue3/pull/27	1	See PR URL
13	Cu 86dvtu24k dashboard features levino porto	CU-86dvtu24k_dashboard-features_Levino-Porto	2025-02-20T21:56:03Z	LevinoMoises	https://github.com/Ascent-Software-Group/jaro-ui-vue3/pull/13	0	See PR URL
16	fix: use env variable for VUE 2 app url	CU-86dvvhxmu_Embed-Vue-3-views-in-Vue-2-app_Grzegorz-Biesiadecki_2	2025-02-06T17:38:13Z	biesiad	https://github.com/Ascent-Software-Group/jaro-ui-vue3/pull/16	1	See PR URL
14	feat: lender settings view	CU-86dvvwz98_Lender-Settings-migrationrewrite_Grzegorz-Biesiadecki	2025-02-05T22:59:27Z	biesiad	https://github.com/Ascent-Software-Group/jaro-ui-vue3/pull/14	1	See PR URL
10	feat: embed dashboard view from the vue3 app	CU-86dvvhxmu_Embed-Vue-3-views-in-Vue-2-app_Grzegorz-Biesiadecki	2025-02-04T03:30:32Z	biesiad	https://github.com/Ascent-Software-Group/jaro-ui-vue3/pull/10	2	See PR URL
6	Cu 86dvtu24k dashboard page levino porto	CU-86dvtu24k_dashboard-page_Levino-Porto	2025-02-04T03:17:22Z	LevinoMoises	https://github.com/Ascent-Software-Group/jaro-ui-vue3/pull/6	0	See PR URL
11	Copy DynamicForm files from Settings	CU-86dvvx67q_Copy-DynamicForm-from-Settings_Grzegorz-Biesiadecki	2025-01-31T22:28:49Z	biesiad	https://github.com/Ascent-Software-Group/jaro-ui-vue3/pull/11	3	See PR URL
1	Cu 86dvq3hdb order table levino porto	CU-86dvq3hdb_order-table_Levino-Porto	2025-01-27T14:25:09Z	LevinoMoises	https://github.com/Ascent-Software-Group/jaro-ui-vue3/pull/1	2	See PR URL
