GitHub Pull Request Report - Merged PRs Evidence
========================================================

Repository: Ascent-Software-Group/jaro-support
Organization: Ascent-Software-Group
Report Generated: 2025-11-11 19:43:28 MST
Date Range: 2024-11-01 to 2025-10-31
Branch: develop

Command Executed:
gh api "repos/Ascent-Software-Group/jaro-support/pulls?state=closed&base=develop&per_page=100&page={page}&sort=updated&direction=desc" | jq -r '.[] | select(.merged_at != null) | select(.merged_at >= "2024-11-01T00:00:00Z" and .merged_at <= "2025-10-31T23:59:59Z") | [.number, .title, .head.ref, .merged_at, .user.login, .html_url] | @tsv'

Execution Details:
  - Timestamp: 2025-11-11 19:43:28 MST
  - Total PRs Merged: 32
  - Pages Fetched: 1
  - Pagination Required: No

========================================================
Pull Request Summary
========================================================

Note: PRs merged into develop branch indicate they passed
      required review and approval processes per branch protection rules.

Number	Title	Branch	Merged At	Author	URL	Reviewers Requested	Approval Status
243	feat: implement lazy loading for invoice details	feature/optimize-invoice-loading	2025-10-07T21:04:16Z	Nick-Forshee-Ascent	https://github.com/Ascent-Software-Group/jaro-support/pull/243	0	See PR URL
241	feat: invoices rendering refactor	feat/invoices	2025-10-04T05:29:11Z	Nick-Forshee-Ascent	https://github.com/Ascent-Software-Group/jaro-support/pull/241	0	See PR URL
239	fix: add jaro panel viewer sets to features list	fix/missing_features	2025-09-26T17:12:55Z	Nick-Forshee-Ascent	https://github.com/Ascent-Software-Group/jaro-support/pull/239	0	See PR URL
236	feat: allow update of customer phone numbers by support team	CU-86dxjjy6e_Add-phone-number-to-be-managed-in-support-site_Nick-Forshee	2025-09-02T18:24:11Z	Nick-Forshee-Ascent	https://github.com/Ascent-Software-Group/jaro-support/pull/236	0	See PR URL
234	CU-86dxdh1xw_APM-needs-note-messages-to-default-to-ALL-sendee-types_Karl-Monson	CU-86dxdh1xw_APM-needs-note-messages-to-default-to-ALL-sendee-types_Karl-Monson	2025-08-27T21:15:01Z	karlatascent	https://github.com/Ascent-Software-Group/jaro-support/pull/234	0	See PR URL
232	feat: add tiered fees to support site	CU-86dxhvtw6_Tiered-Fee-Structures-Need-to-True-Up-Fees_Nick-Forshee	2025-08-25T21:44:45Z	Nick-Forshee-Ascent	https://github.com/Ascent-Software-Group/jaro-support/pull/232	0	See PR URL
230	chore/revert dynamic form	chore/revert_dynamic_form	2025-08-22T21:05:33Z	Nick-Forshee-Ascent	https://github.com/Ascent-Software-Group/jaro-support/pull/230	0	See PR URL
228	chore: fix package to a compatible node version for deployment	fix/package	2025-08-22T19:04:06Z	Nick-Forshee-Ascent	https://github.com/Ascent-Software-Group/jaro-support/pull/228	0	See PR URL
227	fix/merge conflicts	fix/merge-conflicts	2025-08-22T17:59:46Z	dustingtaylor	https://github.com/Ascent-Software-Group/jaro-support/pull/227	0	See PR URL
225	feat: update support site to use dynamic form package	CU-86dxhvtw6_Tiered-Fee-Structures-Need-to-True-Up-Fees_Nick-Forshee	2025-08-22T17:43:15Z	Nick-Forshee-Ascent	https://github.com/Ascent-Software-Group/jaro-support/pull/225	0	See PR URL
222	feat: new ai prompt questions feature flag	CU-86dx2z6fa_AAMS-QC-Questions_Nick-Forshee	2025-07-18T16:36:48Z	Nick-Forshee-Ascent	https://github.com/Ascent-Software-Group/jaro-support/pull/222	0	See PR URL
220	feat: add showBranchAddress	CU-86dx4pj7k_Show-Branch-Address-in-Client-Details_Levino-Porto	2025-07-15T18:13:44Z	LevinoMoises	https://github.com/Ascent-Software-Group/jaro-support/pull/220	0	See PR URL
218	feat: add layers for auto enable click fees	CU-86dwjggnk_Tech-fees-being-charged-to-agents-Opteon-AMC_Dustin-Taylor	2025-04-25T20:15:46Z	dustingtaylor	https://github.com/Ascent-Software-Group/jaro-support/pull/218	0	See PR URL
215	feat: add new feature to allow vendors to place holds / resume orders in jarodesk	CU-86dw9u2nc_HoldsResumes-by-Vendor-Enablement_Nick-Forshee	2025-03-19T22:45:15Z	Nick-Forshee-Ascent	https://github.com/Ascent-Software-Group/jaro-support/pull/215	1	See PR URL
213	feat: add customer feature to support site	CU-86dw3qkc8_Add-AI-Order-Summary-to-UAT_Nick-Forshee	2025-02-26T21:55:50Z	Nick-Forshee-Ascent	https://github.com/Ascent-Software-Group/jaro-support/pull/213	0	See PR URL
212	feat: new compliance file feature	CU-86dw1xr05_deliver-compliance-cert-for-revised-reports_Nick-Forshee	2025-02-26T21:50:40Z	Nick-Forshee-Ascent	https://github.com/Ascent-Software-Group/jaro-support/pull/212	0	See PR URL
211	feat: new encompass feature	CU-86dw29g0v_Veterans-Invoicing_Nick-Forshee	2025-02-26T18:54:57Z	Nick-Forshee-Ascent	https://github.com/Ascent-Software-Group/jaro-support/pull/211	0	See PR URL
210	chore: update cache	update_cache	2025-02-11T17:29:34Z	smith14james	https://github.com/Ascent-Software-Group/jaro-support/pull/210	0	See PR URL
208	feat: new feature to control order user	CU-86du9tx3d_Mosaic-QC-Review_Nick-Forshee	2025-02-03T20:12:29Z	Nick-Forshee-Ascent	https://github.com/Ascent-Software-Group/jaro-support/pull/208	0	See PR URL
206	feat: new feature to control holding without notification	feat/allow-hold-no-notification	2025-01-28T20:31:58Z	Nick-Forshee-Ascent	https://github.com/Ascent-Software-Group/jaro-support/pull/206	0	See PR URL
204	feat: feature to prevent the re-lookup of fees on the order screen if a new product is selected	CU-86dvp4mt0_Changing-form-changes-fee_Nick-Forshee	2025-01-14T22:50:07Z	Nick-Forshee-Ascent	https://github.com/Ascent-Software-Group/jaro-support/pull/204	1	See PR URL
202	Image uploads for in app guides	CU-86dvjbcyv_In-App-Training-Guide---Image-uploads-and-indentations_Grzegorz-Biesiadecki	2024-12-31T16:13:29Z	biesiad	https://github.com/Ascent-Software-Group/jaro-support/pull/202	0	See PR URL
200	feat: allow resetting of customer order ids on new year, added leading zeroes	CU-86dv360bz_Reset-Order-Count_Nick-Forshee	2024-12-30T23:22:51Z	Nick-Forshee-Ascent	https://github.com/Ascent-Software-Group/jaro-support/pull/200	1	See PR URL
198	App training guide	CU-86dvauan5_In-App-Training-Guide-Solution_Grzegorz-Biesiadecki	2024-12-13T22:15:15Z	biesiad	https://github.com/Ascent-Software-Group/jaro-support/pull/198	2	See PR URL
196	feat: new allow_cc_payment for customer invoices, editorconfig to 4 spaces	CU-86dvd1ce2_Remove-Payment-Method-from-Billing_Nick-Forshee	2024-12-11T17:44:32Z	Nick-Forshee-Ascent	https://github.com/Ascent-Software-Group/jaro-support/pull/196	4	See PR URL
194	feat: feature for process queues	CU-86dvbqdbb_Unread-Process-Queue-Not-Working-Properly_Nick-Forshee	2024-12-09T18:24:37Z	Nick-Forshee-Ascent	https://github.com/Ascent-Software-Group/jaro-support/pull/194	0	See PR URL
192	feat: new client cancellation feature	CU-86dvbrkjx_Order-wont-move-to-Cancelled_Nick-Forshee	2024-12-06T21:39:28Z	Nick-Forshee-Ascent	https://github.com/Ascent-Software-Group/jaro-support/pull/192	0	See PR URL
190	feat/CU-86dr5pgya_Create-usage-fee-when-completing-a-report_Karl-Monson	feat/CU-86dr5pgya_Create-usage-fee-when-completing-a-report_Karl-Monson	2024-12-05T00:18:18Z	karlatascent	https://github.com/Ascent-Software-Group/jaro-support/pull/190	0	See PR URL
188	feat: add avm to pages.tools	CU-86dvaxu8y_AVM-Toggle-not-showing-in-support-site_Nick-Forshee	2024-12-02T22:00:16Z	Nick-Forshee-Ascent	https://github.com/Ascent-Software-Group/jaro-support/pull/188	2	See PR URL
186	feat: add quote requests email address to emails	CU-86duuwa4b_Jaro-clients-emailing-Opteon-Staff-for-quotes_Dustin-Taylor	2024-11-21T21:25:21Z	dustingtaylor	https://github.com/Ascent-Software-Group/jaro-support/pull/186	0	See PR URL
184	CU-86dv4vm2w_Compliance-File-submission-in-Completed-Appraisal-Email_Nick-Forshee	CU-86dv4vm2w_Compliance-File-submission-in-Completed-Appraisal-Email_Nick-Forshee	2024-11-19T22:59:27Z	Nick-Forshee-Ascent	https://github.com/Ascent-Software-Group/jaro-support/pull/184	0	See PR URL
182	CU-86dv4wkuv_Broadcasting-messages-inaccurate-date-and-fee_Nick-Forshee	CU-86dv4wkuv_Broadcasting-messages-inaccurate-date-and-fee_Nick-Forshee	2024-11-18T21:38:16Z	Nick-Forshee-Ascent	https://github.com/Ascent-Software-Group/jaro-support/pull/182	3	See PR URL
