GitHub Pull Request Report - Merged PRs Evidence
========================================================

Repository: Ascent-Software-Group/lambda-functions
Organization: Ascent-Software-Group
Report Generated: 2025-11-11 19:43:28 MST
Date Range: 2024-11-01 to 2025-10-31
Branch: develop

Command Executed:
gh api "repos/Ascent-Software-Group/lambda-functions/pulls?state=closed&base=develop&per_page=100&page={page}&sort=updated&direction=desc" | jq -r '.[] | select(.merged_at != null) | select(.merged_at >= "2024-11-01T00:00:00Z" and .merged_at <= "2025-10-31T23:59:59Z") | [.number, .title, .head.ref, .merged_at, .user.login, .html_url] | @tsv'

Execution Details:
  - Timestamp: 2025-11-11 19:43:28 MST
  - Total PRs Merged: 124
  - Pages Fetched: 2
  - Pagination Required: Yes

========================================================
Pull Request Summary
========================================================

Note: PRs merged into develop branch indicate they passed
      required review and approval processes per branch protection rules.

Number	Title	Branch	Merged At	Author	URL	Reviewers Requested	Approval Status
311	Fix/add states	fix/add-states	2025-10-17T15:20:54Z	ltcath	https://github.com/Ascent-Software-Group/lambda-functions/pull/311	0	See PR URL
309	fix: force investor_id to be int	fix/investor_forced_int	2025-10-15T16:15:58Z	ltcath	https://github.com/Ascent-Software-Group/lambda-functions/pull/309	0	See PR URL
307	feat: add investor id to file path keys to allow multiple files to pr…	CU-86dxz8u8a_Add-investorid-to-File-Path-in-Exclusion-Lambdas_Luke-Cathcart	2025-10-15T15:39:54Z	ltcath	https://github.com/Ascent-Software-Group/lambda-functions/pull/307	0	See PR URL
305	fix: remove headers from ascent-files upload	fix/remove_headers	2025-10-06T20:25:54Z	ltcath	https://github.com/Ascent-Software-Group/lambda-functions/pull/305	0	See PR URL
303	fix: pass private key as variable instead of file	fix/sftp_config	2025-10-01T21:36:04Z	ltcath	https://github.com/Ascent-Software-Group/lambda-functions/pull/303	0	See PR URL
301	feat: add functionality to send to opteon sftp	feat/add_opteon_sftp	2025-10-01T18:48:46Z	ltcath	https://github.com/Ascent-Software-Group/lambda-functions/pull/301	0	See PR URL
299	feat: add lambda to run commission reports for Opteon	feat/add_opteon_sftp_lambda	2025-10-01T17:53:36Z	ltcath	https://github.com/Ascent-Software-Group/lambda-functions/pull/299	0	See PR URL
297	fix: add lower function to normal payload as well	fix/lower_payload	2025-09-17T21:20:38Z	ltcath	https://github.com/Ascent-Software-Group/lambda-functions/pull/297	0	See PR URL
295	fix: completely lowercase completion_key in payload	fix/lowercase_payload_completion_key	2025-09-17T20:36:53Z	ltcath	https://github.com/Ascent-Software-Group/lambda-functions/pull/295	0	See PR URL
293	feat: apply completion logic to ensure completion_key is set properly…	feat/add_new_key_to_lambda_dispatch	2025-09-17T19:39:24Z	ltcath	https://github.com/Ascent-Software-Group/lambda-functions/pull/293	0	See PR URL
291	feat: Enhance exclusion list validation with robust xlsx handling and…	CU-86dxr76dp_Corruption-Issues-in-Exclusion-List_Luke-Cathcart	2025-09-15T18:11:01Z	ltcath	https://github.com/Ascent-Software-Group/lambda-functions/pull/291	0	See PR URL
289	feat: add completion status to api call to trigger update	CU-86dxpuuwz_exclusionary-lists-assignment-Appraisal-Links_Luke-Cathcart	2025-09-09T20:09:14Z	ltcath	https://github.com/Ascent-Software-Group/lambda-functions/pull/289	0	See PR URL
287	feat: handling for all null values in state column	fix/failing_exclusion_list	2025-07-22T15:37:26Z	ltcath	https://github.com/Ascent-Software-Group/lambda-functions/pull/287	0	See PR URL
285	feat:add settings sent from event to prompt of api call.	feat/add_settings	2025-06-30T16:02:24Z	ltcath	https://github.com/Ascent-Software-Group/lambda-functions/pull/285	0	See PR URL
283	feat:remove grid from processing images to allow for better quality	feat/remove_grid	2025-06-30T15:23:57Z	ltcath	https://github.com/Ascent-Software-Group/lambda-functions/pull/283	0	See PR URL
281	feat: increase quality of image when converting to base64	CU-86dx4ttk8_Increase-Quality-of-Image_Luke-Cathcart	2025-06-29T19:44:03Z	ltcath	https://github.com/Ascent-Software-Group/lambda-functions/pull/281	0	See PR URL
279	fix:adjust the response to only pull output section	fix/pull_output	2025-06-26T23:12:58Z	ltcath	https://github.com/Ascent-Software-Group/lambda-functions/pull/279	0	See PR URL
277	fix:return entire response from ai as string	fix/response_to_string	2025-06-26T22:47:34Z	ltcath	https://github.com/Ascent-Software-Group/lambda-functions/pull/277	0	See PR URL
275	fix:just return entire response	fix/return_response	2025-06-26T22:32:13Z	ltcath	https://github.com/Ascent-Software-Group/lambda-functions/pull/275	0	See PR URL
273	fix:response not working	fix/response	2025-06-26T22:13:12Z	ltcath	https://github.com/Ascent-Software-Group/lambda-functions/pull/273	0	See PR URL
271	fix:adjust response	fix/remove_choices	2025-06-26T22:05:14Z	ltcath	https://github.com/Ascent-Software-Group/lambda-functions/pull/271	0	See PR URL
269	fix:remove output text from openai call	fix/remove_output_text	2025-06-26T19:10:19Z	ltcath	https://github.com/Ascent-Software-Group/lambda-functions/pull/269	0	See PR URL
267	Fix/remove file	fix/remove_fileId	2025-06-26T17:29:13Z	ltcath	https://github.com/Ascent-Software-Group/lambda-functions/pull/267	0	See PR URL
265	fix:dockerfile needs to pull in correct file	fix/dockerfile_handler_name	2025-06-25T22:23:49Z	ltcath	https://github.com/Ascent-Software-Group/lambda-functions/pull/265	0	See PR URL
263	feat:set up appraiser authorization on licenses and insurance docs	CU-86dx3ypg1_Gareth-Lambda-for-License-and-Insurance_Luke-Cathcart	2025-06-25T21:56:35Z	ltcath	https://github.com/Ascent-Software-Group/lambda-functions/pull/263	0	See PR URL
261	fix:create engine earlier in the fuzzy lambda function	fix/fuzzy_set_engine_early	2025-06-19T17:25:40Z	ltcath	https://github.com/Ascent-Software-Group/lambda-functions/pull/261	0	See PR URL
259	fix:identify engine variable earlier	fix/name_engine_sooner	2025-06-14T19:11:01Z	ltcath	https://github.com/Ascent-Software-Group/lambda-functions/pull/259	0	See PR URL
257	feat:deal with nan names in upload	fix/textdistance_error	2025-06-06T21:40:19Z	ltcath	https://github.com/Ascent-Software-Group/lambda-functions/pull/257	0	See PR URL
255	fix: remove hashlib from pip install	fix/remove_hashlib_from_docker	2025-06-04T20:19:59Z	ltcath	https://github.com/Ascent-Software-Group/lambda-functions/pull/255	0	See PR URL
253	feat:adjusted hash logic and query to allow more robust handling	fix/insert_query	2025-06-04T19:37:24Z	ltcath	https://github.com/Ascent-Software-Group/lambda-functions/pull/253	0	See PR URL
251	fix: test hashing column	fix/insert_not_working	2025-06-04T17:13:56Z	ltcath	https://github.com/Ascent-Software-Group/lambda-functions/pull/251	0	See PR URL
249	fix:adjust insert query	fix/insert_update	2025-06-04T16:53:09Z	ltcath	https://github.com/Ascent-Software-Group/lambda-functions/pull/249	0	See PR URL
247	fix:change how table_name is being used in batch insert	fix/move_table_name_to_env_variable	2025-06-04T15:55:12Z	ltcath	https://github.com/Ascent-Software-Group/lambda-functions/pull/247	0	See PR URL
245	feat:add hash logic to exclusion list lambda functions	CU-86dwxuv0a_Fill-Hash-Column_Luke-Cathcart	2025-06-03T16:28:47Z	ltcath	https://github.com/Ascent-Software-Group/lambda-functions/pull/245	0	See PR URL
243	feat: handle all failure to pull in files under same exception	CU-86dwxuv9d_Adjust-Lambdas-to-Add-Hash-Logic_Luke-Cathcart	2025-06-02T21:41:06Z	ltcath	https://github.com/Ascent-Software-Group/lambda-functions/pull/243	0	See PR URL
241	fix:subject property parsing adjusted to own section	fix/subject_address_parsing	2025-05-28T18:11:38Z	ltcath	https://github.com/Ascent-Software-Group/lambda-functions/pull/241	0	See PR URL
239	fix: adjust address parser to allow 1073 unit identifier	fix/allow_1073_logic	2025-05-27T22:25:48Z	ltcath	https://github.com/Ascent-Software-Group/lambda-functions/pull/239	0	See PR URL
237	feat:separate address and json string extra items	CU-86dwh4zgj_Change-Lambda-Code-for-Address-and-Extra-Items_Luke-Cathcart	2025-04-16T17:35:37Z	ltcath	https://github.com/Ascent-Software-Group/lambda-functions/pull/237	0	See PR URL
235	fix:add payload processing on lambda function	fix/add_payload_process	2025-04-11T18:14:34Z	ltcath	https://github.com/Ascent-Software-Group/lambda-functions/pull/235	0	See PR URL
233	feat:add appraisal comparable grid to mysql	CU-86dwfp1ye_Appraisal-Report-Comparables-into-DB_Luke-Cathcart	2025-04-11T17:11:48Z	ltcath	https://github.com/Ascent-Software-Group/lambda-functions/pull/233	0	See PR URL
231	test: single layer test again.	test/single_lambda6	2025-03-14T17:34:20Z	ltcath	https://github.com/Ascent-Software-Group/lambda-functions/pull/231	0	See PR URL
229	test: test multiple python file changes second time	test/multi_py_files2	2025-03-14T17:23:01Z	ltcath	https://github.com/Ascent-Software-Group/lambda-functions/pull/229	0	See PR URL
227	fix: convert spaces to newlines	fix/output_txt_file	2025-03-14T17:15:59Z	ltcath	https://github.com/Ascent-Software-Group/lambda-functions/pull/227	0	See PR URL
225	test: multiple lambda builds	test/multi_lambda_build	2025-03-14T16:49:09Z	ltcath	https://github.com/Ascent-Software-Group/lambda-functions/pull/225	0	See PR URL
223	test: single lambda build	test/single_lambda_build	2025-03-14T16:37:49Z	ltcath	https://github.com/Ascent-Software-Group/lambda-functions/pull/223	0	See PR URL
221	fix:clean python file names	fix/py_file_naming	2025-03-14T16:23:25Z	ltcath	https://github.com/Ascent-Software-Group/lambda-functions/pull/221	0	See PR URL
219	test: single lambda change test	test/single_lambda	2025-03-14T16:05:30Z	ltcath	https://github.com/Ascent-Software-Group/lambda-functions/pull/219	0	See PR URL
217	test: multiple lambda builds in same pr	test/multiple_py_files	2025-03-14T15:35:25Z	ltcath	https://github.com/Ascent-Software-Group/lambda-functions/pull/217	0	See PR URL
215	fix: changed py files to echo single line	fix/env_variable	2025-03-14T15:25:39Z	ltcath	https://github.com/Ascent-Software-Group/lambda-functions/pull/215	0	See PR URL
213	fix: incorrect tag on ecr image	fix/function_tag	2025-03-13T23:46:30Z	ltcath	https://github.com/Ascent-Software-Group/lambda-functions/pull/213	0	See PR URL
211	fix: remove moving up directory in lambda_build	fix/move_directory	2025-03-13T23:07:31Z	ltcath	https://github.com/Ascent-Software-Group/lambda-functions/pull/211	0	See PR URL
209	debug:missing dockerfile	debug/docker_build	2025-03-13T22:48:36Z	ltcath	https://github.com/Ascent-Software-Group/lambda-functions/pull/209	0	See PR URL
207	test: python file test and remove unnecessary step	test/py_files5	2025-03-13T21:12:48Z	ltcath	https://github.com/Ascent-Software-Group/lambda-functions/pull/207	0	See PR URL
205	fix: move steps around to see if artifact is disappearing after pulling	fix/unable_locate_artifact	2025-03-13T20:47:56Z	ltcath	https://github.com/Ascent-Software-Group/lambda-functions/pull/205	0	See PR URL
203	test: test change to python file	test/py_files4	2025-03-13T19:27:51Z	ltcath	https://github.com/Ascent-Software-Group/lambda-functions/pull/203	0	See PR URL
201	fix: change artifact path and create output.txt file	fix/artifact_path	2025-03-13T19:22:29Z	ltcath	https://github.com/Ascent-Software-Group/lambda-functions/pull/201	0	See PR URL
199	debug: find why artifacts are seen as empty	debug/artifact_empty	2025-03-13T18:57:55Z	ltcath	https://github.com/Ascent-Software-Group/lambda-functions/pull/199	0	See PR URL
197	test: change pyton file	test/py_files3	2025-03-13T18:40:55Z	ltcath	https://github.com/Ascent-Software-Group/lambda-functions/pull/197	0	See PR URL
195	fix:close if statement	fix/close_if	2025-03-13T18:27:15Z	ltcath	https://github.com/Ascent-Software-Group/lambda-functions/pull/195	0	See PR URL
193	fix: add protection to blank artifact	fix/add_atrifact_test	2025-03-13T18:21:16Z	ltcath	https://github.com/Ascent-Software-Group/lambda-functions/pull/193	0	See PR URL
191	fix: change workflow event to artifact exist and not empty check and …	fix/check_artifact	2025-03-13T18:07:14Z	ltcath	https://github.com/Ascent-Software-Group/lambda-functions/pull/191	0	See PR URL
189	test: a new test of py building images	test/py_files2	2025-03-12T21:11:25Z	ltcath	https://github.com/Ascent-Software-Group/lambda-functions/pull/189	0	See PR URL
187	debug:determine why github is skipping build	debug/env_event	2025-03-12T21:06:23Z	ltcath	https://github.com/Ascent-Software-Group/lambda-functions/pull/187	0	See PR URL
185	test:add test py file to build lambdas	test/py_files	2025-03-12T20:49:24Z	ltcath	https://github.com/Ascent-Software-Group/lambda-functions/pull/185	0	See PR URL
183	fix:artifact file name was incorrect	fix/artifact_cat	2025-03-12T20:43:31Z	ltcath	https://github.com/Ascent-Software-Group/lambda-functions/pull/183	0	See PR URL
181	fix: test upload of artifact first	fix/artifact_download	2025-03-12T20:33:23Z	ltcath	https://github.com/Ascent-Software-Group/lambda-functions/pull/181	0	See PR URL
179	feat:test new lambda build	feat/test_py_files	2025-03-12T19:48:49Z	ltcath	https://github.com/Ascent-Software-Group/lambda-functions/pull/179	0	See PR URL
177	fix: use put method with merge curl request and change to pat	fix/merge_curl_request	2025-03-12T19:32:49Z	ltcath	https://github.com/Ascent-Software-Group/lambda-functions/pull/177	0	See PR URL
175	fix: remove extra backslash on curl request	fix/curl_syntax_error	2025-03-12T19:17:16Z	ltcath	https://github.com/Ascent-Software-Group/lambda-functions/pull/175	0	See PR URL
173	fix:approve_pr using_pat	fix/approve_using_pat	2025-03-12T19:05:00Z	ltcath	https://github.com/Ascent-Software-Group/lambda-functions/pull/173	0	See PR URL
171	fix: try ascentbot instead of pat	fix/test_ascentbot	2025-03-12T18:45:38Z	ltcath	https://github.com/Ascent-Software-Group/lambda-functions/pull/171	0	See PR URL
169	fix: add token to cicd workflow	fix/add_token	2025-03-12T18:23:44Z	ltcath	https://github.com/Ascent-Software-Group/lambda-functions/pull/169	0	See PR URL
167	fix: change token to approve and merge pr to main	fix/change_token	2025-03-12T17:59:06Z	ltcath	https://github.com/Ascent-Software-Group/lambda-functions/pull/167	0	See PR URL
165	fix:file didn't input into repo properly	fix/missing_dockerfile	2025-03-11T22:24:18Z	ltcath	https://github.com/Ascent-Software-Group/lambda-functions/pull/165	0	See PR URL
163	fix: dockerfile COPY line function name	fix/dockerfile_handler_names	2025-03-11T21:52:39Z	ltcath	https://github.com/Ascent-Software-Group/lambda-functions/pull/163	0	See PR URL
161	feat:add main exclusion list lambdas	CU-86dw6gqx7_Move-Exclusion-List-Lambdas-into-Github_Luke-Cathcart	2025-03-11T21:00:41Z	ltcath	https://github.com/Ascent-Software-Group/lambda-functions/pull/161	0	See PR URL
159	fix: lambda_handler renamed	fix/lambda_handler	2025-02-21T18:07:38Z	ltcath	https://github.com/Ascent-Software-Group/lambda-functions/pull/159	0	See PR URL
157	fix: update workflow dispatch version	fix/update_workflow_dispatch_version	2025-02-19T22:50:11Z	ltcath	https://github.com/Ascent-Software-Group/lambda-functions/pull/157	0	See PR URL
155	fix:auto createpr between develop and main branches	fix/auto_workflow_pr_creation	2025-02-19T21:01:29Z	ltcath	https://github.com/Ascent-Software-Group/lambda-functions/pull/155	0	See PR URL
153	fix:change permission file in Dockerfile.githubECRFlattenDeleteOriginal	fix/permission_file	2025-02-19T17:46:04Z	ltcath	https://github.com/Ascent-Software-Group/lambda-functions/pull/153	0	See PR URL
151	feat: add qc lambda code to github	CU-86dv3eb0b_Move-QC-Lambdas-to-ECR-Build_Luke-Cathcart	2025-02-19T16:15:26Z	ltcath	https://github.com/Ascent-Software-Group/lambda-functions/pull/151	0	See PR URL
149	fix: update token	update_token_for_trigger	2025-02-07T18:12:42Z	smith14james	https://github.com/Ascent-Software-Group/lambda-functions/pull/149	0	See PR URL
147	fix: update artifact version	update_artifact_version	2025-02-07T18:01:41Z	smith14james	https://github.com/Ascent-Software-Group/lambda-functions/pull/147	0	See PR URL
145	feat: new workflow for lambda builds	separate_workflows	2025-02-07T17:55:32Z	smith14james	https://github.com/Ascent-Software-Group/lambda-functions/pull/145	0	See PR URL
143	feat:file classification documents lambda code	CU-86dvaue0w_Rebuild-Parse-PDF-into-PythonLambda_Luke-Cathcart	2025-01-14T16:53:20Z	ltcath	https://github.com/Ascent-Software-Group/lambda-functions/pull/143	0	See PR URL
141	feat: add openai api call back into code taken out for testing	feat/add_openai_call	2024-12-16T20:04:13Z	ltcath	https://github.com/Ascent-Software-Group/lambda-functions/pull/141	0	See PR URL
139	feat:add tmp storage for images to ensure lambda doesn't use too much…	feat/add_tmp_storage	2024-12-16T19:03:26Z	ltcath	https://github.com/Ascent-Software-Group/lambda-functions/pull/139	0	See PR URL
137	fix:add poppler to docker image	fix/add_poppler_to_dockerfile	2024-12-16T17:14:49Z	ltcath	https://github.com/Ascent-Software-Group/lambda-functions/pull/137	0	See PR URL
136	fix:save files to S3	fix/files_save_to_s3	2024-12-16T16:47:09Z	ltcath	https://github.com/Ascent-Software-Group/lambda-functions/pull/136	0	See PR URL
134	chore: update secret token for PR approval	update_token	2024-12-16T16:24:22Z	smith14james	https://github.com/Ascent-Software-Group/lambda-functions/pull/134	0	See PR URL
132	fix:change pypdf2 library to pdf2image library	fix/change_library_for_images	2024-12-16T15:49:28Z	ltcath	https://github.com/Ascent-Software-Group/lambda-functions/pull/132	0	See PR URL
130	feat:add file classification lambda	feat/test_qc_file_classification	2024-12-13T21:09:43Z	ltcath	https://github.com/Ascent-Software-Group/lambda-functions/pull/130	0	See PR URL
128	fix: url	update_PR_approval	2024-12-13T17:39:09Z	smith14james	https://github.com/Ascent-Software-Group/lambda-functions/pull/128	0	See PR URL
126	fix: updated env	erro_syntax	2024-12-13T17:28:47Z	smith14james	https://github.com/Ascent-Software-Group/lambda-functions/pull/126	0	See PR URL
124	fix:update curl to find PR number	find_pr_with_curl	2024-12-13T17:14:43Z	smith14james	https://github.com/Ascent-Software-Group/lambda-functions/pull/124	0	See PR URL
122	fix: close the statement in curl	syntax_error_2	2024-12-13T16:39:22Z	smith14james	https://github.com/Ascent-Software-Group/lambda-functions/pull/122	0	See PR URL
120	fix: syntax error on env	syntax_error	2024-12-13T16:31:22Z	smith14james	https://github.com/Ascent-Software-Group/lambda-functions/pull/120	0	See PR URL
118	chore: add curl request to approve pr	pr_approval_curl_request	2024-12-13T16:23:45Z	smith14james	https://github.com/Ascent-Software-Group/lambda-functions/pull/118	0	See PR URL
116	fix: forgot to delete a conditional	delete_conditional	2024-12-12T21:57:56Z	smith14james	https://github.com/Ascent-Software-Group/lambda-functions/pull/116	0	See PR URL
114	fix: update conditionals	update_conditional_logic	2024-12-12T21:52:24Z	smith14james	https://github.com/Ascent-Software-Group/lambda-functions/pull/114	0	See PR URL
112	fix: removing logic	remove_logic	2024-12-12T21:42:45Z	smith14james	https://github.com/Ascent-Software-Group/lambda-functions/pull/112	0	See PR URL
110	fix: added logic for PR number	github_head_ref	2024-12-12T21:24:16Z	smith14james	https://github.com/Ascent-Software-Group/lambda-functions/pull/110	0	See PR URL
108	fix: event trigger on pr closed and added logic for only running if t…	github_ref	2024-12-12T21:04:27Z	smith14james	https://github.com/Ascent-Software-Group/lambda-functions/pull/108	0	See PR URL
105	fix: added new workflow	fix_step	2024-12-12T20:06:10Z	smith14james	https://github.com/Ascent-Software-Group/lambda-functions/pull/105	0	See PR URL
104	fix: added separate workflow step	add_workflow_step	2024-12-12T19:58:53Z	smith14james	https://github.com/Ascent-Software-Group/lambda-functions/pull/104	0	See PR URL
102	fix: add pr number from github	pr_number	2024-12-12T19:15:09Z	smith14james	https://github.com/Ascent-Software-Group/lambda-functions/pull/102	0	See PR URL
99	updating curl url	update_curl_urls	2024-12-12T18:41:54Z	smith14james	https://github.com/Ascent-Software-Group/lambda-functions/pull/99	0	See PR URL
97	fix: sytax error on curl request	fix_syntax	2024-12-12T17:47:29Z	smith14james	https://github.com/Ascent-Software-Group/lambda-functions/pull/97	0	See PR URL
95	fix: update curl	update_curl	2024-12-12T17:41:14Z	smith14james	https://github.com/Ascent-Software-Group/lambda-functions/pull/95	0	See PR URL
94	fix: update the access token	update_access_token	2024-12-12T17:22:29Z	smith14james	https://github.com/Ascent-Software-Group/lambda-functions/pull/94	0	See PR URL
92	fix: update URL	update_curl_url	2024-12-12T16:50:30Z	smith14james	https://github.com/Ascent-Software-Group/lambda-functions/pull/92	0	See PR URL
90	fix: adding conditionals	conditionals	2024-12-12T16:40:26Z	smith14james	https://github.com/Ascent-Software-Group/lambda-functions/pull/90	0	See PR URL
88	fix: use Curl command	no_cli	2024-12-12T16:31:30Z	smith14james	https://github.com/Ascent-Software-Group/lambda-functions/pull/88	0	See PR URL
86	fix: delete env var in cli	github_cli	2024-12-12T16:15:45Z	smith14james	https://github.com/Ascent-Software-Group/lambda-functions/pull/86	0	See PR URL
81	fix: GH TOKEN	github_cli_tokens	2024-12-12T16:08:29Z	smith14james	https://github.com/Ascent-Software-Group/lambda-functions/pull/81	0	See PR URL
83	fix: merge conflict	fix_merge_conflict	2024-12-11T21:12:04Z	smith14james	https://github.com/Ascent-Software-Group/lambda-functions/pull/83	0	See PR URL
80	fix: github cli token	github_cli_token	2024-12-11T17:11:10Z	smith14james	https://github.com/Ascent-Software-Group/lambda-functions/pull/80	0	See PR URL
78	feat: auto build lambdas	workflow_merge	2024-12-11T16:59:15Z	smith14james	https://github.com/Ascent-Software-Group/lambda-functions/pull/78	0	See PR URL
76	fix: update gitignore with the .idea folder	update_gitignore	2024-12-05T17:50:03Z	smith14james	https://github.com/Ascent-Software-Group/lambda-functions/pull/76	0	See PR URL
41	feat:test new build logic	feat/test_ecr_build	2024-11-08T21:23:50Z	ltcath	https://github.com/Ascent-Software-Group/lambda-functions/pull/41	0	See PR URL
39	Feat/fix workflow	feat/fix_workflow	2024-11-08T21:14:45Z	ltcath	https://github.com/Ascent-Software-Group/lambda-functions/pull/39	0	See PR URL
38	Feat/test develop branch	feat/test_develop_branch	2024-11-08T21:03:45Z	ltcath	https://github.com/Ascent-Software-Group/lambda-functions/pull/38	0	See PR URL
37	Merge pull request #36 from Ascent-Software-Group/develop	main	2024-11-08T20:40:39Z	ltcath	https://github.com/Ascent-Software-Group/lambda-functions/pull/37	0	See PR URL
35	feat:detect changes on develop and main	detect_develop_vs_main	2024-11-08T19:33:01Z	ltcath	https://github.com/Ascent-Software-Group/lambda-functions/pull/35	0	See PR URL
