GitHub Pull Request Report - Merged PRs Evidence
========================================================

Repository: Ascent-Software-Group/laravel-openid-connect-server
Organization: Ascent-Software-Group
Report Generated: 2025-11-11 19:43:28 MST
Date Range: 2024-11-01 to 2025-10-31
Branch: develop

Command Executed:
gh api "repos/Ascent-Software-Group/laravel-openid-connect-server/pulls?state=closed&base=develop&per_page=100&page={page}&sort=updated&direction=desc" | jq -r '.[] | select(.merged_at != null) | select(.merged_at >= "2024-11-01T00:00:00Z" and .merged_at <= "2025-10-31T23:59:59Z") | [.number, .title, .head.ref, .merged_at, .user.login, .html_url] | @tsv'

Execution Details:
  - Timestamp: 2025-11-11 19:43:28 MST
  - Total PRs Merged: 4
  - Pages Fetched: 1
  - Pagination Required: No

========================================================
Pull Request Summary
========================================================

Note: PRs merged into develop branch indicate they passed
      required review and approval processes per branch protection rules.

Number	Title	Branch	Merged At	Author	URL	Reviewers Requested	Approval Status
11	fix/allow_skip_auth	fix/allow_skip_auth	2025-01-08T01:48:49Z	karlatascent	https://github.com/Ascent-Software-Group/laravel-openid-connect-server/pull/11	0	See PR URL
10	fix/authorization_controller_update	fix/authorization_controller_update	2025-01-02T20:37:28Z	karlatascent	https://github.com/Ascent-Software-Group/laravel-openid-connect-server/pull/10	0	See PR URL
9	limosa-io-master-new	limosa-io-master-new	2025-01-02T20:16:42Z	karlatascent	https://github.com/Ascent-Software-Group/laravel-openid-connect-server/pull/9	0	See PR URL
4	fix/openid-connect-develop	fix/openid-connect-develop	2025-01-02T19:39:32Z	karlatascent	https://github.com/Ascent-Software-Group/laravel-openid-connect-server/pull/4	0	See PR URL
