GitHub Pull Request Report - Merged PRs Evidence
========================================================

Repository: Ascent-Software-Group/Models
Organization: Ascent-Software-Group
Report Generated: 2025-11-11 19:43:28 MST
Date Range: 2024-11-01 to 2025-10-31
Branch: develop

Command Executed:
gh api "repos/Ascent-Software-Group/Models/pulls?state=closed&base=develop&per_page=100&page={page}&sort=updated&direction=desc" | jq -r '.[] | select(.merged_at != null) | select(.merged_at >= "2024-11-01T00:00:00Z" and .merged_at <= "2025-10-31T23:59:59Z") | [.number, .title, .head.ref, .merged_at, .user.login, .html_url] | @tsv'

Execution Details:
  - Timestamp: 2025-11-11 19:43:28 MST
  - Total PRs Merged: 17
  - Pages Fetched: 1
  - Pagination Required: No

========================================================
Pull Request Summary
========================================================

Note: PRs merged into develop branch indicate they passed
      required review and approval processes per branch protection rules.

Number	Title	Branch	Merged At	Author	URL	Reviewers Requested	Approval Status
100	chore: add soft deletes to multiple models	chore/add_soft_deletes_to_models	2025-08-29T16:09:48Z	Nick-Forshee-Ascent	https://github.com/Ascent-Software-Group/Models/pull/100	0	See PR URL
98	feat: add all forms relationship to models	feat/add_all_forms_relationship	2025-07-24T16:04:33Z	Nick-Forshee-Ascent	https://github.com/Ascent-Software-Group/Models/pull/98	0	See PR URL
96	feat: add fannie/freddie relationships to models	feat/add-fannie-freddie-relationships	2025-07-10T21:05:44Z	Nick-Forshee-Ascent	https://github.com/Ascent-Software-Group/Models/pull/96	0	See PR URL
94	feat: update getOption	CU-86dx3x7tp_Update-Models-and-Quality-Control-project_Levino-Porto	2025-07-01T17:39:56Z	LevinoMoises	https://github.com/Ascent-Software-Group/Models/pull/94	0	See PR URL
92	feat/appraiser_entity_options	feat/appraiser_entity_options	2025-04-17T22:02:43Z	karlatascent	https://github.com/Ascent-Software-Group/Models/pull/92	0	See PR URL
90	fix/morph_entity	fix/morph_entity	2025-04-15T01:02:08Z	karlatascent	https://github.com/Ascent-Software-Group/Models/pull/90	0	See PR URL
88	fix/morph_entity_options	fix/morph_entity_options	2025-04-15T00:47:50Z	karlatascent	https://github.com/Ascent-Software-Group/Models/pull/88	0	See PR URL
86	feat/entity_option_switchover	feat/entity_option_switchover	2025-04-14T20:41:03Z	karlatascent	https://github.com/Ascent-Software-Group/Models/pull/86	0	See PR URL
84	feat: add entityoption model, relationships to lender/sublender	feat/lender-option-data-migration	2025-04-09T22:48:28Z	Nick-Forshee-Ascent	https://github.com/Ascent-Software-Group/Models/pull/84	0	See PR URL
82	fix: get env url from config, defaulting back to env if empty, report exception	CU-86dw1vxfn_Lender-notes-not-going-to-vendor---VU--Movement_Nick-Forshee	2025-02-20T20:01:02Z	Nick-Forshee-Ascent	https://github.com/Ascent-Software-Group/Models/pull/82	0	See PR URL
80	feat/laravel_11_support	feat/laravel_11_support	2025-02-07T23:21:12Z	karlatascent	https://github.com/Ascent-Software-Group/Models/pull/80	0	See PR URL
78	feat/add_order_broadcast_model	feat/add_order_broadcast_model	2025-02-05T21:57:41Z	karlatascent	https://github.com/Ascent-Software-Group/Models/pull/78	0	See PR URL
76	feat/auditing_v_13	feat/auditing_v_13	2025-02-03T23:15:03Z	karlatascent	https://github.com/Ascent-Software-Group/Models/pull/76	0	See PR URL
74	feat/laravel_upgrade_support	feat/laravel_upgrade_support	2025-01-24T21:59:16Z	karlatascent	https://github.com/Ascent-Software-Group/Models/pull/74	0	See PR URL
72	update pdf generate	feat/update_pdf_generate_ksenia	2025-01-21T19:08:28Z	ksusham	https://github.com/Ascent-Software-Group/Models/pull/72	0	See PR URL
70	feat/laravel_9_support	feat/laravel_9_support	2025-01-07T23:44:39Z	karlatascent	https://github.com/Ascent-Software-Group/Models/pull/70	0	See PR URL
68	feat/CU-86dutxfwd_Veterans-LO-Communication_Karl-Monson	feat/CU-86dutxfwd_Veterans-LO-Communication_Karl-Monson	2024-12-04T18:01:01Z	karlatascent	https://github.com/Ascent-Software-Group/Models/pull/68	0	See PR URL
