GitHub Pull Request Report - Merged PRs Evidence
========================================================

Repository: Ascent-Software-Group/myappraisalorder
Organization: Ascent-Software-Group
Report Generated: 2025-11-11 19:43:28 MST
Date Range: 2024-11-01 to 2025-10-31
Branch: develop

Command Executed:
gh api "repos/Ascent-Software-Group/myappraisalorder/pulls?state=closed&base=develop&per_page=100&page={page}&sort=updated&direction=desc" | jq -r '.[] | select(.merged_at != null) | select(.merged_at >= "2024-11-01T00:00:00Z" and .merged_at <= "2025-10-31T23:59:59Z") | [.number, .title, .head.ref, .merged_at, .user.login, .html_url] | @tsv'

Execution Details:
  - Timestamp: 2025-11-11 19:43:28 MST
  - Total PRs Merged: 11
  - Pages Fetched: 1
  - Pagination Required: No

========================================================
Pull Request Summary
========================================================

Note: PRs merged into develop branch indicate they passed
      required review and approval processes per branch protection rules.

Number	Title	Branch	Merged At	Author	URL	Reviewers Requested	Approval Status
95	CU-86dwb9k54_Rollback-ROV-for-FHA-Loans_Karl-Monson-2	CU-86dwb9k54_Rollback-ROV-for-FHA-Loans_Karl-Monson-2	2025-04-01T19:25:57Z	karlatascent	https://github.com/Ascent-Software-Group/myappraisalorder/pull/95	0	See PR URL
93	CU-86dwb9k54_Rollback-ROV-for-FHA-Loans_Karl-Monson	CU-86dwb9k54_Rollback-ROV-for-FHA-Loans_Karl-Monson	2025-04-01T17:29:18Z	karlatascent	https://github.com/Ascent-Software-Group/myappraisalorder/pull/93	0	See PR URL
90	fix: copy/paste fixes	fix/myappraisalorder	2025-03-19T22:16:44Z	Nick-Forshee-Ascent	https://github.com/Ascent-Software-Group/myappraisalorder/pull/90	0	See PR URL
88	fix: send name to endpoint	fix/collect-card-name	2025-03-19T21:58:00Z	Nick-Forshee-Ascent	https://github.com/Ascent-Software-Group/myappraisalorder/pull/88	0	See PR URL
85	feat: add query parameter for backend	CU-86dw1w065_Borrower-ROV-Disclosures-added-to-Borrower-Delivery_Nick-Forshee	2025-02-27T20:28:36Z	Nick-Forshee-Ascent	https://github.com/Ascent-Software-Group/myappraisalorder/pull/85	0	See PR URL
83	CU-86dv4kh86_Add-pop-up-after-Request-ROV-button-is-clicked_Nick-Forshee	CU-86dv4kh86_Add-pop-up-after-Request-ROV-button-is-clicked_Nick-Forshee	2024-12-02T22:30:06Z	Nick-Forshee-Ascent	https://github.com/Ascent-Software-Group/myappraisalorder/pull/83	3	See PR URL
81	fix/styling	fix/styling	2024-11-21T18:26:25Z	Nick-Forshee-Ascent	https://github.com/Ascent-Software-Group/myappraisalorder/pull/81	0	See PR URL
79	rov popup and cleanups	CU-86dv4kh86_Add-pop-up-after-Request-ROV-button-is-clicked_Gareth-Borcherds	2024-11-21T16:16:01Z	gborcherds	https://github.com/Ascent-Software-Group/myappraisalorder/pull/79	0	See PR URL
77	CU-86dv4vm2w_Compliance-File-submission-in-Completed-Appraisal-Email_Nick-Forshee	CU-86dv4vm2w_Compliance-File-submission-in-Completed-Appraisal-Email_Nick-Forshee	2024-11-19T22:52:55Z	Nick-Forshee-Ascent	https://github.com/Ascent-Software-Group/myappraisalorder/pull/77	0	See PR URL
75	feat/pending_payment_events	feat/pending_payment_events	2024-11-13T18:45:36Z	karlatascent	https://github.com/Ascent-Software-Group/myappraisalorder/pull/75	0	See PR URL
72	fix/CU-86duy653u_Request-ROV-button-on-Borrower-Dashboard_Karl-Monson	fix/CU-86duy653u_Request-ROV-button-on-Borrower-Dashboard_Karl-Monson	2024-11-01T18:35:29Z	karlatascent	https://github.com/Ascent-Software-Group/myappraisalorder/pull/72	0	See PR URL
