GitHub Pull Request Report - Merged PRs Evidence
========================================================

Repository: Ascent-Software-Group/value-acceptance-ios
Organization: Ascent-Software-Group
Report Generated: 2025-11-11 19:43:28 MST
Date Range: 2024-11-01 to 2025-10-31
Branch: develop

Command Executed:
gh api "repos/Ascent-Software-Group/value-acceptance-ios/pulls?state=closed&base=develop&per_page=100&page={page}&sort=updated&direction=desc" | jq -r '.[] | select(.merged_at != null) | select(.merged_at >= "2024-11-01T00:00:00Z" and .merged_at <= "2025-10-31T23:59:59Z") | [.number, .title, .head.ref, .merged_at, .user.login, .html_url] | @tsv'

Execution Details:
  - Timestamp: 2025-11-11 19:43:28 MST
  - Total PRs Merged: 81
  - Pages Fetched: 1
  - Pagination Required: No

========================================================
Pull Request Summary
========================================================

Note: PRs merged into develop branch indicate they passed
      required review and approval processes per branch protection rules.

Number	Title	Branch	Merged At	Author	URL	Reviewers Requested	Approval Status
96	Changed Sentry configuration to only track network requests to Desk a…	update-sentry-network-tracking-settings	2025-10-14T14:15:16Z	confed	https://github.com/Ascent-Software-Group/value-acceptance-ios/pull/96	0	See PR URL
95	fix-speech-recognizer-leak	fix-speech-recognizer-leak	2025-10-14T13:49:44Z	confed	https://github.com/Ascent-Software-Group/value-acceptance-ios/pull/95	0	See PR URL
94	Fix scanner memory leak	fix-scanner-memory-leak	2025-10-09T14:15:45Z	confed	https://github.com/Ascent-Software-Group/value-acceptance-ios/pull/94	0	See PR URL
93	Fixed add line command resetting line selection.	editor-add-line-fix	2025-10-08T21:01:59Z	confed	https://github.com/Ascent-Software-Group/value-acceptance-ios/pull/93	0	See PR URL
92	fixed schedule button on iPhone	fixed-schedule-button-iphone	2025-10-06T13:57:37Z	bmclane	https://github.com/Ascent-Software-Group/value-acceptance-ios/pull/92	0	See PR URL
90	fixed sidebar not updating on iOS 26	bug-sidebar-not-refreshing-on-add	2025-10-03T23:28:19Z	bmclane	https://github.com/Ascent-Software-Group/value-acceptance-ios/pull/90	0	See PR URL
91	Fix for line selection if that line got eliminated by the optimizatio…	fix-editor-line-selection-bug	2025-10-03T21:50:25Z	confed	https://github.com/Ascent-Software-Group/value-acceptance-ios/pull/91	0	See PR URL
89	Update web editor with two non-GLA areas.	update-web-editor	2025-10-03T16:07:46Z	confed	https://github.com/Ascent-Software-Group/value-acceptance-ios/pull/89	0	See PR URL
88	Fix scanner toolbar ios26	fix-scanner-toolbar-ios26	2025-10-02T21:40:11Z	confed	https://github.com/Ascent-Software-Group/value-acceptance-ios/pull/88	0	See PR URL
87	Fix for wall thickness compensation panel causing endless relayout lo…	fix-endless-layout-loop-in-editor	2025-10-02T15:27:05Z	confed	https://github.com/Ascent-Software-Group/value-acceptance-ios/pull/87	0	See PR URL
86	Cancel formfiller api requests on form closed	cancel-formfiller-requests-on-close	2025-10-01T21:34:02Z	bmclane	https://github.com/Ascent-Software-Group/value-acceptance-ios/pull/86	0	See PR URL
85	Fix non gla areas calculation	fix-non-gla-areas-calculation	2025-09-30T22:25:21Z	confed	https://github.com/Ascent-Software-Group/value-acceptance-ios/pull/85	0	See PR URL
84	Added start voice comment/end voice comment events to TREK for debugg…	add-trek-events-for-voice-commentary	2025-09-30T16:17:03Z	confed	https://github.com/Ascent-Software-Group/value-acceptance-ios/pull/84	0	See PR URL
83	Fix editor menu	fix-editor-menu	2025-09-29T21:15:13Z	confed	https://github.com/Ascent-Software-Group/value-acceptance-ios/pull/83	0	See PR URL
82	Fixed scanner navigation destination when side menu is hidden.	fix-scanner-navigation	2025-09-26T20:41:35Z	confed	https://github.com/Ascent-Software-Group/value-acceptance-ios/pull/82	0	See PR URL
81	Editor menu update/Non continuous area added	editor-menu-update	2025-09-25T18:52:15Z	confed	https://github.com/Ascent-Software-Group/value-acceptance-ios/pull/81	0	See PR URL
80	added check for propmix, and ignore pages with no objects	ai-bug-fixes	2025-09-19T22:27:35Z	bmclane	https://github.com/Ascent-Software-Group/value-acceptance-ios/pull/80	0	See PR URL
79	V2T and AI notification updates	v2t-ai-notification-updates	2025-09-18T20:14:16Z	bmclane	https://github.com/Ascent-Software-Group/value-acceptance-ios/pull/79	0	See PR URL
78	Workaround for no tool output error.	fix-no-tool-output	2025-09-17T15:19:39Z	confed	https://github.com/Ascent-Software-Group/value-acceptance-ios/pull/78	0	See PR URL
77	increase timeout for processing document, updated AIProcessingJob to …	open-ai-client-updates	2025-09-16T19:54:04Z	bmclane	https://github.com/Ascent-Software-Group/value-acceptance-ios/pull/77	0	See PR URL
76	Streaming responses + propmix prefill processing merged update	ai-form-filler-merged-update	2025-09-16T19:11:36Z	confed	https://github.com/Ascent-Software-Group/value-acceptance-ios/pull/76	0	See PR URL
75	Updated instructions to prevent AI falling into "guide me" mode witho…	ai-instructions-update	2025-09-04T20:15:10Z	confed	https://github.com/Ascent-Software-Group/value-acceptance-ios/pull/75	0	See PR URL
74	RoomPlan curves support	roomplan-curves-support	2025-08-22T17:35:00Z	confed	https://github.com/Ascent-Software-Group/value-acceptance-ios/pull/74	0	See PR URL
73	Ai filler updates 2	ai-filler-updates-2	2025-08-20T22:21:45Z	confed	https://github.com/Ascent-Software-Group/value-acceptance-ios/pull/73	0	See PR URL
71	Fix photo bug when report is copied	new-photo-id	2025-08-20T14:03:26Z	bmclane	https://github.com/Ascent-Software-Group/value-acceptance-ios/pull/71	0	See PR URL
72	allow mappings to work across different sections/panels	scanner-mapping-fix	2025-08-20T14:02:29Z	bmclane	https://github.com/Ascent-Software-Group/value-acceptance-ios/pull/72	0	See PR URL
70	Ai updates, fix number control to convert double to Int	ai-updates-number-fix	2025-08-20T14:01:34Z	bmclane	https://github.com/Ascent-Software-Group/value-acceptance-ios/pull/70	0	See PR URL
69	Fix upd condo car storage photo bug	fix-upd-condoCarStorage-photo-bug	2025-07-31T21:27:57Z	bmclane	https://github.com/Ascent-Software-Group/value-acceptance-ios/pull/69	0	See PR URL
68	Ai filler updates	ai-filler-updates	2025-07-31T21:24:22Z	confed	https://github.com/Ascent-Software-Group/value-acceptance-ios/pull/68	0	See PR URL
67	check if photo container is enabled for car storage	fix-upd-condoCarStorage-photo-bug	2025-07-31T20:58:00Z	bmclane	https://github.com/Ascent-Software-Group/value-acceptance-ios/pull/67	0	See PR URL
66	updated commentary, added room type and level location	updated-commentary-meta-data	2025-07-31T19:29:26Z	bmclane	https://github.com/Ascent-Software-Group/value-acceptance-ios/pull/66	0	See PR URL
65	fixed rounding issue	fix-decimal-rounding	2025-07-31T18:37:46Z	bmclane	https://github.com/Ascent-Software-Group/value-acceptance-ios/pull/65	0	See PR URL
64	check validated state on upd submission, add sentry report	upd-check-validated-state	2025-07-30T20:11:04Z	bmclane	https://github.com/Ascent-Software-Group/value-acceptance-ios/pull/64	0	See PR URL
63	Add thumbnail upd	add-thumbnail-upd	2025-07-30T15:33:36Z	bmclane	https://github.com/Ascent-Software-Group/value-acceptance-ios/pull/63	0	See PR URL
62	UPD floor plan areas fix in condos	UPD-floor-plan-areas-fix	2025-07-30T15:25:46Z	confed	https://github.com/Ascent-Software-Group/value-acceptance-ios/pull/62	0	See PR URL
61	add multiple plumbing fixtures from floor plan	update-upd-plumbing-fixtures	2025-07-29T21:41:31Z	bmclane	https://github.com/Ascent-Software-Group/value-acceptance-ios/pull/61	0	See PR URL
60	save empty photo's to workingCopy only, ignore for report.json	ignore-empty-photos	2025-07-29T15:22:09Z	bmclane	https://github.com/Ascent-Software-Group/value-acceptance-ios/pull/60	0	See PR URL
59	Added floor plan orientation detection code for when there is no save…	web-editor-orientation-fix	2025-07-29T15:17:26Z	confed	https://github.com/Ascent-Software-Group/value-acceptance-ios/pull/59	0	See PR URL
57	Upd photo descriptions are populated on floor plan export.	UPD-photo-descriptions-added	2025-07-29T15:16:55Z	confed	https://github.com/Ascent-Software-Group/value-acceptance-ios/pull/57	0	See PR URL
58	Upd camera updates	upd-camera-updates	2025-07-28T20:22:42Z	bmclane	https://github.com/Ascent-Software-Group/value-acceptance-ios/pull/58	0	See PR URL
56	Ai form filling	ai-form-filling	2025-07-26T01:24:47Z	confed	https://github.com/Ascent-Software-Group/value-acceptance-ios/pull/56	0	See PR URL
55	Remove camera ai commentary settings	remove-camera-ai-commentary-settings	2025-07-18T17:55:23Z	bmclane	https://github.com/Ascent-Software-Group/value-acceptance-ios/pull/55	0	See PR URL
54	set initial settings to true for commentary, camera, and ai	turn-on-ai-features-and-camera	2025-07-17T14:55:49Z	bmclane	https://github.com/Ascent-Software-Group/value-acceptance-ios/pull/54	0	See PR URL
53	updated number component to handle style/custom units	updated-number-component	2025-07-16T18:26:49Z	bmclane	https://github.com/Ascent-Software-Group/value-acceptance-ios/pull/53	0	See PR URL
52	Fix upd room photo type	fix-upd-room-photo-type	2025-07-15T21:41:57Z	confed	https://github.com/Ascent-Software-Group/value-acceptance-ios/pull/52	0	See PR URL
51	JS calculator fix	calculator-fix	2025-07-14T22:12:47Z	confed	https://github.com/Ascent-Software-Group/value-acceptance-ios/pull/51	0	See PR URL
50	Added inspection number as tag to Sentry reports.	update-sentry-with-inspection-id-tag	2025-07-14T14:43:51Z	confed	https://github.com/Ascent-Software-Group/value-acceptance-ios/pull/50	0	See PR URL
49	Fix straighten	fix-straighten	2025-06-30T21:11:19Z	confed	https://github.com/Ascent-Software-Group/value-acceptance-ios/pull/49	0	See PR URL
48	Fix duplicate floorplan ids	fix-duplicate-floorplan-ids	2025-06-26T17:42:13Z	confed	https://github.com/Ascent-Software-Group/value-acceptance-ios/pull/48	0	See PR URL
47	Update web-editor CSS to adapt menu to small screens.	fix-web-editor-small-screen	2025-06-26T17:41:20Z	confed	https://github.com/Ascent-Software-Group/value-acceptance-ios/pull/47	0	See PR URL
46	Fixes in web-editor and TrekReplay.	web-editor-update	2025-06-18T15:38:13Z	confed	https://github.com/Ascent-Software-Group/value-acceptance-ios/pull/46	0	See PR URL
45	Added compass heading capture to floor plan	compass-recording	2025-06-17T18:36:14Z	confed	https://github.com/Ascent-Software-Group/value-acceptance-ios/pull/45	0	See PR URL
44	Editor fixes	fix-sketch-font-size	2025-06-13T18:44:08Z	confed	https://github.com/Ascent-Software-Group/value-acceptance-ios/pull/44	0	See PR URL
43	Bug fixes backup	bug-fixes-backup	2025-06-13T17:00:03Z	bmclane	https://github.com/Ascent-Software-Group/value-acceptance-ios/pull/43	0	See PR URL
42	Fixed joined line orientation check.	fix-unfinished-area	2025-06-12T22:41:07Z	confed	https://github.com/Ascent-Software-Group/value-acceptance-ios/pull/42	0	See PR URL
41	Scanner improvements	scanner-improvements	2025-06-05T14:39:18Z	confed	https://github.com/Ascent-Software-Group/value-acceptance-ios/pull/41	0	See PR URL
40	Updated web editor module to avoid top level await during initialization.	web-editor-updates	2025-06-04T21:42:11Z	confed	https://github.com/Ascent-Software-Group/value-acceptance-ios/pull/40	0	See PR URL
39	Some changes to web editor	web-editor-update	2025-06-02T17:24:47Z	confed	https://github.com/Ascent-Software-Group/value-acceptance-ios/pull/39	0	See PR URL
38	Reverted room colors to use slight tone variation between room types.	fix-revert-room-colors	2025-05-31T21:10:10Z	confed	https://github.com/Ascent-Software-Group/value-acceptance-ios/pull/38	0	See PR URL
37	Fix crash in commentary store save code due to race condition.	fix-commentary-store-save	2025-05-30T20:46:07Z	confed	https://github.com/Ascent-Software-Group/value-acceptance-ios/pull/37	0	See PR URL
36	Fix selected line rendering	fix-selected-line-rendering	2025-05-30T20:07:16Z	confed	https://github.com/Ascent-Software-Group/value-acceptance-ios/pull/36	0	See PR URL
35	Fix editor and scanner bugs.	fix-editor-2	2025-05-30T15:54:57Z	confed	https://github.com/Ascent-Software-Group/value-acceptance-ios/pull/35	0	See PR URL
33	fixed UPD classifier, updated text classifier to use room and photo types	fix-classification	2025-05-30T12:17:13Z	bmclane	https://github.com/Ascent-Software-Group/value-acceptance-ios/pull/33	0	See PR URL
32	Fix bathroom indexing	fix-bathroom-indexing	2025-05-30T01:43:38Z	confed	https://github.com/Ascent-Software-Group/value-acceptance-ios/pull/32	0	See PR URL
31	Transition to cross-platform editor.	wasm-transition	2025-05-29T02:04:23Z	confed	https://github.com/Ascent-Software-Group/value-acceptance-ios/pull/31	0	See PR URL
30	fixed attributed text view not wrapping words, fixed text color on dark on mode	fix-attributed-text	2025-05-27T19:17:39Z	bmclane	https://github.com/Ascent-Software-Group/value-acceptance-ios/pull/30	0	See PR URL
29	Fix: arc and line intersection calculated incorrectly	fix-tangential-line-arc-intersection	2025-05-26T21:33:03Z	confed	https://github.com/Ascent-Software-Group/value-acceptance-ios/pull/29	0	See PR URL
28	updated details page	update-details-page	2025-05-22T14:48:21Z	bmclane	https://github.com/Ascent-Software-Group/value-acceptance-ios/pull/28	0	See PR URL
27	removed bpo	remove-bpo	2025-05-21T19:19:33Z	bmclane	https://github.com/Ascent-Software-Group/value-acceptance-ios/pull/27	0	See PR URL
26	Add preview, conditions, qc check, updated event logging	add-preview	2025-05-21T18:42:56Z	bmclane	https://github.com/Ascent-Software-Group/value-acceptance-ios/pull/26	0	See PR URL
25	auto enable camera beta and ai	enable-beta-camera-and-ai	2025-05-09T17:31:53Z	bmclane	https://github.com/Ascent-Software-Group/value-acceptance-ios/pull/25	0	See PR URL
24	removed bpo and webtemplate	remove-bpo-webtemplate	2025-05-07T19:23:10Z	bmclane	https://github.com/Ascent-Software-Group/value-acceptance-ios/pull/24	0	See PR URL
23	Add standard inspection offline order	add-standard-inspection-offline-order	2025-04-25T19:14:11Z	bmclane	https://github.com/Ascent-Software-Group/value-acceptance-ios/pull/23	0	See PR URL
22	add contacts with entry information	add-contacts	2025-04-25T18:07:31Z	bmclane	https://github.com/Ascent-Software-Group/value-acceptance-ios/pull/22	0	See PR URL
21	Update upd with sketch gallery	update-upd-with-sketch-gallery	2025-04-23T21:46:33Z	confed	https://github.com/Ascent-Software-Group/value-acceptance-ios/pull/21	0	See PR URL
20	Prevent crashes in RP during multiple recovery attempts.	fix-prevent-multiple-crashes-in-plan-recovery	2025-04-16T18:41:59Z	confed	https://github.com/Ascent-Software-Group/value-acceptance-ios/pull/20	0	See PR URL
19	Fix floor plan merge logic & UI	fix-floor-plan-merge	2025-04-15T15:30:03Z	confed	https://github.com/Ascent-Software-Group/value-acceptance-ios/pull/19	0	See PR URL
18	Bug fixes	bug-fixes	2025-04-15T12:40:36Z	bmclane	https://github.com/Ascent-Software-Group/value-acceptance-ios/pull/18	0	See PR URL
17	Bump UPD version 249	build-249	2025-04-04T15:41:03Z	bmclane	https://github.com/Ascent-Software-Group/value-acceptance-ios/pull/17	0	See PR URL
15	Alternative Inspection Updates and Completed status updates	alternative-inspection-update	2025-04-04T15:06:59Z	bmclane	https://github.com/Ascent-Software-Group/value-acceptance-ios/pull/15	0	See PR URL
16	Added support for _this to calculation triggers	trigger-updates	2025-04-04T14:14:03Z	bmclane	https://github.com/Ascent-Software-Group/value-acceptance-ios/pull/16	0	See PR URL
